,,rapes,rapesPerPop,arsons,arsonsPerPop,ViolentCrimesPerPop,nonViolPerPop
,1,0,0,2,16.41,41.02,1394.59
,2,1,4.25,1,4.25,127.56,1955.95
,3,6,16.6,22,60.87,218.59,6167.51
,4,77,50.98,134,88.72,442.95,6867.42
,5,4,13.53,17,57.5,226.63,1890.88
,6,34,55.79,9,14.77,439.73,4909.26
,7,35,43.87,8,10.03,115.31,4747.58
,8,141,130.69,18,16.68,1544.24,8903.93
,9,29,90.25,6,18.67,722.02,7599.9
,10,21,77.73,20,74.03,2605.96,8839.53
,11,36,78.53,9,19.63,798.39,5508.05
,12,59,100.51,46,78.36,1476.93,7371
,13,0,0,7,15.36,89.94,3130.42
,14,30,16.72,73,40.7,374.07,4246.34
,15,2,13.24,4,26.47,112.5,3540.47
,16,146,49.94,97,33.18,772.77,6171.23
,17,2818,38.5,4443,60.7,2097.71,6164.95
,18,9,58.03,5,32.24,644.75,5338.49
,19,1,8.07,4,32.27,145.2,5461
,20,10,55.52,2,11.1,560.71,5618.16
,21,9,29.18,6,19.45,204.23,4869.19
,22,2,13.38,1,6.69,347.97,3693.79
,23,42,45.1,31,33.29,894.51,7091.62
,24,20,145.72,8,58.29,1143.9,9143.9
,25,24,86.13,0,0,724.95,4421.48
,26,2,17.4,1,8.7,1487.34,4722.97
,27,7,4.58,80,52.38,689.42,5948.83
,28,0,0,0,0,16.72,919.73
,29,14,68.92,0,0,649.83,5764.78
,30,4,28.91,13,93.97,346.97,5255.17
,31,3,18.38,10,61.28,1770.94,11428.4
,32,4,16.15,15,60.58,609.81,4458.44
,33,34,76.4,57,128.09,559.55,10379.78
,34,1,3.54,0,0,205.56,2810.46
,35,7,25.08,19,68.09,734.61,4672.83
,36,37,66.7,26,46.87,919.33,5227.58
,37,7,43.81,9,56.33,682.23,7554.61
,38,9,13.15,14,20.45,131.47,2543.13
,39,5,20.8,3,12.48,794.41,5939.36
,40,1,7.38,8,59.08,420.91,5095.26
,41,9,41.81,1,4.65,92.91,3121.66
,42,8,24.03,14,42.05,1087.25,7394.5
,43,2,13.97,0,0,237.45,1948.46
,44,16,46.03,3,8.63,212.87,6403.36
,45,357,110.19,357,110.19,984.96,7910.25
,46,785,51.31,2282,149.17,1279.6,5253.14
,47,11,12.82,0,0,256.34,2556.39
,48,10,31.02,0,0,142.7,4091.83
,49,45,67,50,74.45,753.42,4630.73
,50,0,0,5,21.91,122.69,2721.06
,51,15,50.34,3,10.07,1849.3,6474.24
,52,2,14.83,4,29.66,51.91,3374.37
,53,3,7.91,26,68.59,94.97,3498.22
,54,23,102.18,14,62.2,422.05,4567.06
,55,15,37.91,13,32.86,452.4,3389.19
,56,5,47.34,9,85.21,407.12,3739.82
,57,102,59.32,173,100.6,1693.42,6179.34
,58,1,7.46,1,7.46,462.24,5956.91
,59,3,13.82,2,9.21,115.14,2160.1
,60,4,13.68,1,3.42,78.65,3553.11
,61,8,63.04,1,7.88,985.03,4767.53
,62,13,14.89,5,5.73,131.68,3715.75
,63,11,72.14,7,45.9,1134.5,5292.15
,64,314,69.78,162,36,969.6,9943.53
,65,5,20.94,7,29.31,251.24,3668.03
,66,7,57.36,5,40.97,934.12,5735.82
,67,31,148.32,9,43.06,377.97,4550.02
,68,6,53.92,3,26.96,889.65,2039.9
,69,1,5.74,3,17.23,40.21,1654.22
,70,19,51.17,16,43.09,465.96,5063.56
,71,1,8.83,0,0,150.04,2338.92
,72,0,0,2,16.52,49.56,1032.55
,73,22,51.39,0,0,1812.62,3277.2
,74,2,11.23,2,11.23,129.13,2094.09
,75,479,104.44,604,131.7,1841.38,9577.37
,76,10,31.06,6,18.64,301.31,4038.14
,77,30,21.6,54,38.87,620.53,5352.95
,78,2,11.57,0,0,190.84,3302.11
,79,15,22.02,2,2.94,726.59,4174.62
,80,0,0,3,22.37,74.56,3183.72
,81,2,17,0,0,339.96,3739.59
,82,19,37.7,14,27.78,121.02,5247.7
,83,130,108.69,134,112.04,2127.02,10988.76
,84,4,36.38,2,18.19,809.39,6620.59
,85,2,9.72,1,4.86,199.2,2992.91
,86,5,47.14,1,9.43,1527.29,5317.24
,87,1,3.04,3,9.13,85.17,2570.42
,88,21,32.38,16,24.67,727.83,4976.1
,89,9,42.11,16,74.86,781.32,7265.84
,90,0,0,7,39.54,367.13,3885.91
,91,19,33.52,10,17.64,155.25,5691.4
,92,41,320.61,14,109.48,1634.34,24116.36
,93,1,3.81,2,7.61,251.23,2561.76
,94,5,14.35,16,45.92,367.33,5934.68
,95,3,16.99,1,5.66,560.56,4218.33
,96,137,100.91,30,22.1,1981.45,12349.83
,97,0,0,1,8.39,83.89,5041.52
,98,2,13.29,3,19.93,39.87,6199.75
,99,0,0,0,0,60.9,2243.88
,100,0,0,2,10.83,70.4,1348.5
,101,9,41.98,10,46.64,242.54,6436.57
,102,29,67.42,47,109.27,574.24,4296.38
,103,7,21.47,8,24.54,288.37,3647.57
,104,59,83.45,6,8.49,1497.92,7742.79
,105,28,119.98,21,89.99,681.32,7241.72
,106,2,16.18,1,8.09,194.19,2330.29
,107,8,35.33,7,30.91,185.48,3978.98
,108,1773,51.15,5119,147.68,2414.77,6756.86
,109,5,37.76,1,7.55,581.57,5188.82
,110,0,0,29,178.53,197,2074.61
,111,17,61.22,29,104.44,273.7,6766.78
,112,5,23.62,9,42.51,240.92,2078.51
,113,9,27.82,21,64.92,1085.11,3610.84
,114,16,42.82,14,37.46,291.69,2860.66
,115,30,40.15,30,40.15,587.55,5753.71
,116,1,8.34,0,0,650.49,9215.24
,117,4,21.17,6,31.75,465.66,4402.58
,118,0,0,0,0,221.64,5411.19
,119,12,36.13,37,111.41,216.8,3824.15
,120,112,57.16,74,37.76,795.08,7383.29
,121,10,70.93,0,0,361.75,7653.57
,122,28,163.47,27,157.63,525.42,8762.92
,123,22,51.31,2,4.66,1462.29,6068.38
,124,1,5.97,1,5.97,89.61,1153
,125,40,133.72,31,103.63,227.32,3309.49
,126,20,141.32,7,49.46,2649.8,15920.01
,127,0,0,1,7.75,46.52,806.39
,128,1,6.78,0,0,74.62,4782.25
,129,23,40.64,7,12.37,871.02,4621.91
,130,1,3.38,6,20.26,185.69,2386.9
,131,18,43.39,19,45.81,1501.93,7502.41
,132,14,44.43,4,12.7,1450.47,3980.07
,133,11,42.35,37,142.44,2344.56,4180.94
,134,8,37.07,0,0,64.88,2335.71
,135,9,23.81,0,0,129.64,3463.15
,136,5,32.6,6,39.12,267.33,2008.22
,137,5,40.23,0,0,160.93,3154.17
,138,1,3.22,1,3.22,80.5,1236.48
,139,2,9.87,4,19.75,399.86,3134.72
,140,1,7.67,1,7.67,69,1694.27
,141,53,134.07,62,156.83,4877.06,8770.11
,142,7,63.69,7,63.69,919.02,9190.17
,143,247,85.21,214,73.82,3235.45,12490.6
,144,1000,95.96,1324,127.05,1744.19,9015.27
,145,6,32.78,0,0,76.49,3999.56
,146,45,77.51,31,53.39,339.31,17859.42
,147,9,32,19,67.55,807,7341.18
,148,7,17.73,1,2.53,932.05,5891.14
,149,5,33.58,6,40.29,235.04,4378.48
,150,42,53.59,52,66.35,1195.53,7043.06
,151,1,4.94,4,19.76,1293.95,9116.95
,152,82,92.77,112,126.72,3239.2,8497.95
,153,20,48.56,8,19.42,364.19,4681.09
,154,6,11.57,11,21.22,179.38,2659.8
,155,4,28.91,6,43.37,43.37,3259.85
,156,0,0,0,0,161.69,6854.13
,157,0,0,4,33.8,168.99,2729.19
,158,2,5.11,16,40.86,178.75,5709.91
,159,10,66.14,4,26.46,231.48,4027.78
,160,4,12.91,2,6.45,103.28,2149.5
,161,20,30.4,41,62.32,203.69,6443.62
,162,30,30.33,26,26.28,448.84,7247.12
,163,3,24.85,17,140.81,356.17,4472.79
,164,2,12.01,0,0,672.35,7311.8
,165,6,44.94,9,67.41,981.2,7182.98
,166,7,44.38,2,12.68,190.21,2675.63
,167,9,40.21,12,53.61,446.77,3471.38
,168,1,5.29,1,5.29,31.75,1423.43
,169,18,34.42,18,34.42,868.12,4843.49
,170,13,15.43,35,41.55,225.56,2945.37
,171,200,45.87,243,55.73,1631.98,6595.13
,172,12,74.69,7,43.57,1419.06,8956.25
,173,28,29.99,23,24.63,519.47,6434.96
,174,4,10.27,4,10.27,87.26,3174.56
,175,18,19.14,4,4.25,294.6,4176.5
,176,1,7.6,0,0,53.2,1968.23
,177,8,19.63,10,24.54,282.16,4480.21
,178,17,37.19,3,6.56,958.15,6354.87
,179,515,110.46,420,90.08,1389.87,9710.83
,180,3,25.49,6,50.99,1240.65,5319.51
,181,8,38.55,22,106.02,674.67,6809.31
,182,2,18.94,2,18.94,161.02,4328.47
,183,3,13.67,9,41.02,332.73,4193.25
,184,43,99.97,6,13.95,620.71,4840.17
,185,2,12.43,12,74.59,372.95,4090
,186,3,22.02,1,7.34,587.33,4977.61
,187,0,0,0,0,210.79,3812.33
,188,10,41.02,8,32.82,500.47,9463.84
,189,0,0,0,0,75.72,1216.94
,190,34,66.73,10,19.63,345.45,4100.26
,191,11,83.97,13,99.24,1687.02,8763.36
,192,29,43.69,21,31.64,394.74,4197.55
,193,5,27.45,7,38.44,340.43,5221.83
,194,31,47.15,27,41.07,1446.56,5381.64
,195,6,19.87,23,76.16,271.52,3533.11
,196,8,47.43,0,0,788.52,6474.18
,197,20,170.98,1,8.55,393.26,4719.16
,198,21,83.96,14,55.97,1783.14,9719.33
,199,5,27.52,0,0,77.05,2140.89
,200,9,25.31,9,25.31,275.58,4729.9
,201,4,22.79,6,34.19,74.08,4348.07
,202,11,29.57,1,2.69,400.56,2510.89
,203,15,28.84,6,11.54,1357.38,7225.26
,204,1,6.26,0,0,56.31,2239.74
,205,4,28.67,7,50.17,394.21,3168
,206,19,44.13,10,23.23,445.94,4287.54
,207,0,0,4,26.11,522.13,6363.4
,208,2,12.89,0,0,96.69,2604.1
,209,10,26.92,18,48.45,293.41,3459.04
,210,0,0,1,7.95,71.54,1438.79
,211,3,14.23,0,0,37.95,2334.19
,212,11,45.49,3,12.41,516.96,6273.78
,213,4,25.4,6,38.1,82.54,4387.58
,214,26,101.33,22,85.74,1555.07,5214.75
,215,3,11.35,0,0,52.95,1879.8
,216,8,21.77,16,43.53,530.57,4674.45
,217,13,77.8,14,83.78,1358.47,10029.92
,218,3,18.81,4,25.08,94.07,2966.26
,219,2,6.78,1,3.39,88.16,2170.08
,220,5,42.8,0,0,316.75,5624.52
,221,28,30.95,44,48.63,1267.73,4148.02
,222,3,7.81,7,18.21,106.68,2016.5
,223,10,32.54,2,6.51,191.96,3702.5
,224,6,35.72,12,71.45,142.9,3876.15
,225,21,36.09,5,8.59,536.18,6743.54
,226,17,89.76,0,0,1678.99,4102.43
,227,3,13.92,3,13.92,241.28,2032.29
,228,5,33.55,7,46.97,972.89,7722.76
,229,2,18.13,0,0,90.65,2085.03
,230,3,14.42,6,28.83,1287.84,3061.03
,231,7,14.26,5,10.18,136.48,5457.1
,232,28,60.3,5,10.77,488.86,5127.6
,233,6,41.55,8,55.41,609.46,8899.51
,234,17,26.33,3,4.65,599.45,5636.7
,235,16,81.16,4,20.29,2018.97,6665.65
,236,0,0,0,0,33.66,3322.75
,237,9,59.12,0,0,216.78,4920.19
,238,7,20.76,16,47.44,136.4,2570.87
,239,129,84.7,72,47.28,687.49,6957.6
,240,1,3.65,5,18.26,91.31,3360.24
,241,18,45.89,6,15.3,1664.84,3049.23
,242,10,16.04,23,36.89,293.54,4252.35
,243,6,15.34,6,15.34,48.58,3809.48
,244,12,14.53,1,1.21,283.39,3105.21
,245,2,11.21,1,5.61,302.76,2315.54
,246,1,4.52,26,117.6,918.22,4758.46
,247,2,14.41,1,7.2,86.45,3385.92
,248,16,66.54,43,178.84,1185.33,8754.78
,249,24,28.4,21,24.85,369.24,3235.58
,250,23,48.81,5,10.61,2047.92,6650.96
,251,19,19.42,27,27.6,266.81,3574.9
,252,1,9.4,5,47.02,84.64,3348.07
,253,23,70.54,9,27.6,644.09,7560.42
,254,29,42.33,14,20.43,458.28,5702.23
,255,1,6.99,0,0,160.76,1579.65
,256,17,55.72,58,190.11,1379.97,6667.1
,257,204,116.06,80,45.52,797.66,9746.54
,258,9,21.8,9,21.8,213.14,3415.12
,259,0,0,4,22.51,607.8,5183.18
,260,31,96.64,38,118.46,2758.9,9695.12
,261,8,27.92,7,24.43,342.06,5755.67
,262,2,16.18,2,16.18,186.04,6834.91
,263,9,15.7,6,10.47,111.67,2364.17
,264,0,0,0,0,353.42,3769.81
,265,0,0,7,36.83,1046.93,5808.08
,266,14,51.45,48,176.41,782.8,5001.84
,267,18,77.12,0,0,2523.46,10385.16
,268,5,26.46,6,31.75,280.44,1968.36
,269,1,7.78,1,7.78,155.62,3906.01
,270,1,9.13,0,0,82.15,1579.19
,271,58,41.43,50,35.71,1201.33,5823.11
,272,8,58.23,3,21.84,291.16,5553.94
,273,1,6.85,0,0,185.08,2796.82
,274,30,103.62,12,41.45,417.93,5253.52
,275,14,23.48,19,31.87,134.19,4198.4
,276,2,13.45,0,0,208.53,5596.66
,277,0,0,0,0,57.31,1690.74
,278,7,28.97,1,4.14,446.95,5466.81
,279,4,17.69,7,30.95,154.77,5576.19
,280,8,39.04,12,58.55,121.99,3635.21
,281,2,7.31,0,0,73.07,1633.06
,282,0,0,0,0,65.46,2475.6
,283,10,43.89,4,17.56,535.49,5174.91
,284,0,0,6,22.62,252.63,2869.42
,285,38,63.38,26,43.37,1756.32,8930.03
,286,6,26.01,2,8.67,212.45,1634.58
,287,1,6.15,0,0,36.89,2391.49
,288,2,7.85,2,7.85,368.76,2032.09
,289,27,117.11,22,95.42,1439.97,8245.14
,290,4,14.4,9,32.39,273.51,4322.17
,291,0,0,0,0,75.52,3295.57
,292,2,7.16,0,0,71.56,1703.16
,293,0,0,8,51.75,310.48,4482.54
,294,1,9.54,13,123.99,152.6,2784.93
,295,67,123.32,22,40.49,2105.73,7093.95
,296,6,21.44,0,0,368.05,3541.18
,297,295,94.43,434,138.93,1933.77,8407.3
,298,55,66.47,2,2.42,1363.32,9960.24
,299,11,45.96,29,121.17,480.51,5214.56
,300,12,13.91,7,8.11,303.72,4529.07
,301,1,4.4,1,4.4,206.88,3913.02
,302,47,85.08,24,43.45,1846.45,10816.24
,303,24,28.07,13,15.2,776.61,6940.35
,304,2,8.77,4,17.53,319.99,4436.07
,305,28,54.05,13,25.09,1399.48,11091.59
,306,0,0,3,22.87,442.24,1921.46
,307,0,0,0,0,173.77,2999.82
,308,14,69.17,2,9.88,765.85,5850.09
,309,4,10.1,8,20.2,111.07,3115.14
,310,31,110.26,0,0,1454.74,16628.13
,311,57,75.29,81,106.99,2541.38,6879.15
,312,89,62.02,43,29.96,987.42,7902.86
,313,1,7.08,2,14.17,92.08,2075.36
,314,52,103.59,8,15.94,1577.75,9695.61
,315,20,79.79,3,11.97,1523.92,13751.15
,316,7,33.62,0,0,619.51,3424.1
,317,0,0,6,10.11,52.25,2326.01
,318,167,44.43,164,43.64,1290.43,9258.87
,319,45,62.2,15,20.73,1523.3,13032.36
,320,26,32.46,25,31.21,288.4,3274.74
,321,0,0,0,0,73.23,421.09
,322,25,57.78,23,53.16,524.67,6233.68
,323,1,5.04,1,5.04,80.61,2377.95
,324,29,95.34,24,78.91,2594.03,9360.21
,325,27,29.23,28,30.31,1097.77,4261.17
,326,507,110.14,419,91.02,1516.12,9393.66
,327,1,3.35,0,0,951.3,8119.51
,328,4,29.08,3,21.81,189.01,3518.46
,329,10,20.53,13,26.68,743.07,5412.89
,330,1,3.81,8,30.51,228.86,4519.97
,331,0,0,0,0,7.79,116.79
,332,7,51.25,7,51.25,995.75,6252.75
,333,25,35.2,40,56.32,387.2,4864.62
,334,13,39.57,3,9.13,328.75,4069.77
,335,6,24.68,3,12.34,1205.17,4972.85
,336,7,18.28,5,13.06,509.18,6256.36
,337,11,30.35,8,22.07,140.72,2579.88
,338,18,57.74,17,54.53,878.94,4994.55
,339,13,24.9,7,13.41,294.92,3347.5
,340,2,14.77,5,36.91,155.04,3521.59
,341,4,26.1,22,143.58,202.31,1461.85
,342,8,36.29,7,31.75,185.97,1560.37
,343,0,0,10,66.84,133.68,4398.1
,344,1,8.3,1,8.3,190.95,1992.53
,345,2,6.56,1,3.28,62.29,1331.02
,346,26,233.58,10,89.84,2650.26,16233.94
,347,3,22.54,2,15.03,405.71,7505.63
,348,11,35,0,0,264.07,4088.32
,349,20,84.41,7,29.54,485.38,8352.68
,350,3,14.18,3,14.18,103.96,1960.97
,351,3,19.15,9,57.45,1640.6,4857.96
,352,4,21.73,1,5.43,217.26,3590.24
,353,8,67.74,2,16.94,279.45,4293.34
,354,17,38.14,11,24.68,567.54,5334.47
,355,75,70.02,33,30.81,269.82,2762.66
,356,14,35.52,12,30.45,880.44,5158.33
,357,104,98.09,62,58.48,1093.15,8755.56
,358,11,86.07,7,54.77,1095.46,8356.81
,359,0,0,0,0,178.57,3890.98
,360,0,0,4,30.79,138.57,6497.31
,361,4,24.25,4,24.25,181.86,2837.05
,362,26,30.97,36,42.89,1380.76,4782.04
,363,25,41.57,32,53.21,1486.61,8773.3
,364,60,96.87,33,53.28,2423.47,9811.74
,365,4,11.93,1,2.98,772.3,7242.96
,366,3,5.3,10,17.68,758.39,8050.63
,367,6,36.12,1,6.02,234.77,5116.78
,368,28,68.01,15,36.43,699.49,6028.22
,369,10,45.92,2,9.18,225.01,7833.95
,370,5,36.3,1,7.26,500.94,1989.26
,371,4,9.95,6,14.92,106.93,2511.63
,372,5,13.66,6,16.4,284.21,2828.41
,373,1,5.93,2,11.87,634.79,7937.83
,374,2,9.52,0,0,52.35,1380.23
,375,1,5.41,2,10.81,264.97,5531.82
,376,1,8.1,4,32.41,81.02,1531.36
,377,1,7.01,0,0,140.18,4247.56
,378,29,55.04,15,28.47,1195.76,6305.28
,379,0,0,1,7.09,63.81,453.77
,380,7,25.38,2,7.25,264.67,2472.72
,381,2,16.58,2,16.58,99.47,2138.59
,382,2,10.32,4,20.64,443.73,5737.58
,383,10,47.91,3,14.37,201.24,3085.62
,384,9,53.62,2,11.92,208.53,2818.16
,385,12,30.65,69,176.23,168.57,4627.88
,386,2,7.17,2,7.17,426.57,4262.11
,387,0,0,5,41.27,354.96,4424.63
,388,0,0,0,0,339.73,4416.49
,389,0,0,1,5.94,47.5,2707.68
,390,361,48.89,488,66.09,1810.07,7754.23
,391,18,40.12,22,49.03,686.47,5304.57
,392,18,38.24,26,55.24,220.96,4890.8
,393,13,79.42,7,42.76,2089.32,12658.07
,394,6,19.14,11,35.08,494.37,2730.2
,395,5,8.78,9,15.81,332,4526.77
,396,49,56.01,137,156.6,1651.73,10954
,397,0,0,4,18.14,9.07,1324.5
,398,12,58.73,30,146.83,161.51,5594.17
,399,0,0,1,8.42,168.48,2822
,400,22,28.84,8,10.49,602.99,4846.24
,401,52,65,29,36.25,342.53,4705.35
,402,59,54.34,63,58.02,770.88,4328.73
,403,36,39.77,10,11.05,157.99,3935.3
,404,7,18.71,20,53.45,374.18,6406.52
,405,16,138.7,9,78.02,468.1,4776.35
,406,12,41.11,3,10.28,352.88,7276.96
,407,25,43.02,8,13.77,533.46,5551.44
,408,3,26.28,0,0,70.08,2531.53
,409,11,13.29,11,13.29,305.77,5248.85
,410,12,34.3,17,48.59,122.91,3126.97
,411,2,12.85,0,0,571.65,3706.08
,412,0,0,4,37.95,47.43,2921.92
,413,0,0,2,9.24,9.24,1223.96
,414,5,20.77,0,0,1121.64,5014.12
,415,3,11.08,1,3.69,195.71,2802.7
,416,5,39.05,4,31.24,851.23,5138.62
,417,393,77.69,440,86.98,1038.27,6915.98
,418,2,19.2,1,9.6,499.33,2669.48
,419,0,0,0,0,310.85,1318.76
,420,24,56,8,18.67,331.36,3903.95
,421,26,32.88,46,58.18,599.49,5782.44
,422,4,26.77,1,6.69,260.97,5366.7
,423,5,12.1,13,31.45,87.1,2893.5
,424,8,19.48,9,21.91,477.21,4535.94
,425,4,19.07,3,14.3,290.85,2550.9
,426,21,38.35,18,32.87,1073.8,6101.28
,427,45,77.83,30,51.89,875.19,6934.07
,428,30,41.17,14,19.21,889.17,5763.14
,429,0,0,0,0,351.8,775.57
,430,4,28.22,3,21.17,536.23,2173.15
,431,4,7.86,21,41.25,398.76,4482.6
,432,3,11.32,0,0,200.02,1377.51
,433,19,48.06,15,37.94,1449.39,10937.42
,434,31,78.18,10,25.22,950.75,7159.61
,435,30,63.88,19,40.46,1239.22,4682.21
,436,3,14.09,7,32.88,103.33,2014.94
,437,10,52.71,9,47.44,326.81,5998.63
,438,9,24.4,1,2.71,89.45,3588.95
,439,103,56.93,63,34.82,845.63,5590.56
,440,1,6.57,0,0,341.75,900.37
,441,2,8.61,1,4.31,103.35,2381.26
,442,8,33.94,89,377.61,895.24,5965.46
,443,4,22.19,0,0,1647.53,6002.11
,444,0,0,0,0,62.14,675.73
,445,8,59.96,14,104.92,936.82,8086.64
,446,5,39.97,0,0,295.76,3469.22
,447,8,29.45,6,22.09,261.4,3700.16
,448,3,14.28,3,14.28,114.23,1975.16
,449,11,73.71,25,167.52,683.46,4670.33
,450,19,22.4,33,38.9,544.59,4062
,451,14,36.6,35,91.49,1280.84,4561.38
,452,26,73.4,75,211.74,1428.53,6575.2
,453,8,58.06,3,21.77,137.89,2590.9
,454,3,24.93,0,0,1329.57,5675.59
,455,1,5.29,0,0,116.35,3601.46
,456,17,19.83,48,56,423.52,4252.66
,457,0,0,0,0,210.18,1719.69
,458,11,24.24,7,15.43,152.07,3321.36
,459,66,87.51,23,30.5,690.79,7070.97
,460,5,24.55,18,88.37,122.74,4217.19
,461,4,14.32,1,3.58,53.7,1908.07
,462,8,64.75,5,40.47,493.73,9307.97
,463,20,31.69,5,7.92,815.98,3669.55
,464,10,15.12,21,31.75,411.23,6018.78
,465,99,50.47,56,28.55,321.68,5118.88
,466,2,17.7,1,8.85,1300.88,4699.12
,467,4,35.61,4,35.61,80.12,3071.31
,468,2,5.74,5,14.35,421.75,3534.64
,469,1,8.29,0,0,66.33,3523.75
,470,27,117.73,0,0,1874.95,14131.86
,471,42,39.31,23,21.53,1311.2,7568.62
,472,7,40.88,5,29.2,292,3071.89
,473,87,92.99,0,0,1130.86,3814.79
,474,78,56.11,113,81.29,1571.14,6672.33
,475,36,123.33,11,37.68,887.29,7276.46
,476,3,25.97,1,8.66,207.79,2839.83
,477,1,5.71,2,11.43,51.42,2205.46
,478,2,19.31,1,9.65,241.31,4662.16
,479,79,75.77,42,40.28,1333.23,4883.08
,480,11,84.5,5,38.41,944.85,11622.37
,481,4,28.93,1,7.23,108.49,3681.47
,482,3,25.61,4,34.14,1724.14,12666.44
,483,4,24.45,10,61.12,61.12,2573.19
,484,2,15.59,0,0,179.32,2541.71
,485,11,78.1,4,28.4,198.79,4195.95
,486,12,66.79,15,83.49,322.81,7446.99
,487,1,8.88,4,35.52,124.32,5834.3
,488,1,8.49,1,8.49,84.88,3140.65
,489,7,54.14,3,23.2,170.15,3480.28
,490,0,0,0,0,74.96,2657
,491,32,37.37,41,47.88,223.06,5492.49
,492,0,0,3,25.83,103.33,5967.45
,493,11,52.95,5,24.07,245.51,4178.5
,494,5,44.87,0,0,358.97,4549.94
,495,3,8.97,1,2.99,505.1,1736.45
,496,9,29.71,34,112.25,997.03,6857.05
,497,1,9.52,1,9.52,295.04,2217.57
,498,7,20.83,9,26.78,151.78,4264.75
,499,2,6.15,0,0,64.61,4335.25
,500,177,77.28,158,68.99,2978.69,13039.07
,501,9,49.3,2,10.96,158.85,4015.12
,502,7,49.15,0,0,1390.25,6593.18
,503,12,51.82,7,30.23,133.87,2996.93
,504,8,52.97,0,0,1483.15,5038.73
,505,8,47.15,3,17.68,724.94,5216.01
,506,25,69.26,15,41.56,872.72,11109.88
,507,3,15.26,16,81.37,300.04,3951.38
,508,19,64.32,1,3.39,744.75,3930.26
,509,0,0,3,25.93,267.96,4295.96
,510,19,62.77,3,9.91,1318.22,7522.8
,511,0,0,4,29.46,198.88,1996.17
,512,3,12.83,3,12.83,72.71,2993.76
,513,2,8.18,9,36.79,102.2,2959.81
,514,68,61.46,60,54.23,2078.85,5569.51
,515,1,6.95,6,41.69,62.53,5822.68
,516,1,4.64,0,0,427.27,4230.91
,517,4,16.02,47,188.27,348.5,3633.23
,518,20,77.9,21,81.8,1336.03,10571.42
,519,62,59.88,9,8.69,435.6,4114.51
,520,1,7.29,1,7.29,196.79,4810.5
,521,339,89.88,249,66.02,1304.78,6544.31
,522,8,16.31,3,6.11,313.89,2631.36
,523,9,26.22,0,0,1678.08,4253.46
,524,2,11.19,0,0,151.13,1354.53
,525,3,7.48,1,2.49,184.39,2554.01
,526,3,16.65,2,11.1,127.65,3446.55
,527,4,21.14,18,95.15,375.3,5079.82
,528,33,33.62,28,28.53,223.14,5388.97
,529,3,8.74,2,5.82,58.24,1243.34
,530,12,88.53,4,29.51,1032.91,5267.82
,531,0,0,0,0,566.68,2172.27
,532,17,97.27,19,108.71,457.72,8759.58
,533,10,92.17,0,0,645.16,1004.61
,534,4,27.37,13,88.94,485.77,6499.73
,535,0,0,1,8.05,209.22,1335.8
,536,2,18.73,1,9.36,280.93,11021.63
,537,2,11.48,8,45.93,281.32,4638.88
,538,2,14.27,2,14.27,99.9,1705.44
,539,8,25.07,14,43.88,316.55,6255.88
,540,1,8.47,2,16.95,355.9,1491.4
,541,1,4.97,1,4.97,29.8,1217.03
,542,0,0,12,83.73,286.09,4340.24
,543,0,0,2,8.04,44.22,2235.18
,544,81,56.02,389,269.03,1627.33,5693.22
,545,8,23.99,6,18,110.97,4975.71
,546,40,82.84,24,49.71,816.02,6677.3
,547,0,0,0,0,138.91,2241.7
,548,4,35.55,1,8.89,177.73,5936.19
,549,2,14.28,0,0,585.46,6568.61
,550,215,118.9,174,96.23,3255.71,12364.16
,551,5,26.63,10,53.27,591.24,7995.1
,552,11,33.8,19,58.38,577.61,8249.35
,553,7,49.28,1,7.04,288.65,2970.99
,554,24,118.01,12,59,1607.83,11977.58
,555,23,49.58,39,84.06,581.98,5701.29
,556,3,19.13,1,6.38,44.64,4591.25
,557,1,8.34,0,0,141.75,3985.66
,558,98,144.36,11,16.2,2264.09,11491.32
,559,28,51.55,13,23.93,1818.82,10855.84
,560,9,14.85,17,28.04,138.56,3294.13
,561,7,30.73,0,0,122.9,3256.96
,562,4,20.24,3,15.18,75.88,1365.91
,563,1,7.92,0,0,324.52,2857.37
,564,2,18.2,7,63.69,1264.79,5996.36
,565,3,8.36,7,19.5,559.86,5439.81
,566,0,0,0,0,21.66,2642.98
,567,1,7.24,0,0,188.13,1960.93
,568,1,7.7,4,30.81,169.44,5460.57
,569,173,88.66,145,74.31,1424.74,11722.35
,570,17,39.25,12,27.71,658.05,4167.63
,571,0,0,2,12.67,82.38,1907.48
,572,4,26.21,3,19.66,281.76,2974.9
,573,9,35.97,1,4,623.55,4592.69
,574,269,150.01,260,144.99,1629.43,9465.95
,575,25,35.8,29,41.52,904.94,7150.73
,576,4,30.79,0,0,153.93,2285.85
,577,3,19.83,0,0,198.28,4586.91
,578,11,76.68,1,6.97,223.06,4642.41
,579,13,57.59,0,0,699.98,7323.23
,580,1,7.93,2,15.86,71.35,4043.13
,581,7,14.09,4,8.05,366.34,5410.63
,582,19,79.5,2,8.37,292.91,4946.02
,583,3,21.07,0,0,252.9,5212.5
,584,0,0,2,13.86,408.98,4817.69
,585,6,21.17,11,38.81,105.84,2007.34
,586,5,38.28,6,45.94,145.47,2802.24
,587,18,32.02,4,7.12,327.36,4109.74
,588,0,0,3,17.49,99.13,1737.61
,589,5,7.01,1,1.4,68.68,1572.73
,590,10,20.45,24,49.09,560.45,5700.67
,591,281,47.61,461,78.11,1035.05,6961.87
,592,2,12.93,0,0,303.91,2289.04
,593,12,35.21,10,29.34,534.04,3060.45
,594,3,21.53,0,0,674.75,1636.64
,595,14,89.06,4,25.45,1278.63,8396.95
,596,12,75.49,18,113.24,509.56,4479.11
,597,0,0,1,4,151.91,1791
,598,1,8.77,1,8.77,70.19,3272.79
,599,2,10.77,2,10.77,350.03,5885.84
,600,4,20.61,4,20.61,159.72,2313.36
,601,36,100.23,7,19.49,860.27,6584.26
,602,31,51.04,24,39.52,321.08,6885.88
,603,4,18.23,16,72.94,989.2,5875.92
,604,7,38.13,7,38.13,403.14,5431.47
,605,1,8.11,6,48.69,592.34,5201.23
,606,5,42.17,7,59.04,101.21,3500.34
,607,1,8.36,1,8.36,83.56,2105.79
,608,1,3.4,3,10.21,125.96,2995.85
,609,129,70.63,144,78.85,3047.66,9248.11
,610,26,75.11,20,57.78,2507.51,9827.83
,611,159,68.91,348,150.81,1171.84,10038.61
,612,34,38.71,10,11.39,230,4965.56
,613,1,3.71,25,92.69,140.88,2828.75
,614,5,45.5,7,63.69,282.07,5050.05
,615,49,50.74,166,171.88,1274.62,7762.64
,616,22,69.83,5,15.87,384.08,2482.22
,617,21,34.02,21,34.02,933.19,7180.35
,618,8,40.25,11,55.34,1232.52,7787.5
,619,9,40.09,7,31.18,445.41,4164.63
,620,0,0,0,0,58.37,1916.34
,621,65,66.73,66,67.75,1565.55,8078.23
,622,94,39.02,29,12.04,842.7,5502.07
,623,1,6.72,1,6.72,53.73,4103.43
,624,90,108.05,306,367.36,3530.78,12109.83
,625,1,6.64,0,0,6.64,1592.89
,626,45,42.78,74,70.35,1318.6,4576.61
,627,6,30.4,5,25.34,91.21,2153.53
,628,271,53.98,610,121.51,599.78,9773.95
,629,3,5.1,20,33.99,141.06,2659.71
,630,9,49.29,10,54.76,657.14,6149.72
,631,19,81.83,3,12.92,2885.57,5977.86
,632,3,24.22,1,8.07,750.73,2542.78
,633,9,45.73,0,0,985.82,4019.51
,634,7,25.5,11,40.08,142.09,4080.44
,635,0,0,1,8.98,98.73,1337.28
,636,2,17.66,7,61.81,105.96,5792.49
,637,32,32.78,57,58.39,578.8,5007.38
,638,515,115.59,527,118.28,2460.11,10039.52
,639,8,40.1,15,75.18,205.49,5117.28
,640,33,32.59,21,20.74,1174.32,4015.8
,641,34,18.56,89,48.59,737.62,4494.53
,642,21,31.14,7,10.38,360.34,5492.62
,643,4,24.85,6,37.27,105.6,3217.59
,644,22,19.72,50,44.83,305.72,2631.37
,645,18,99.5,0,0,2089.44,9833.62
,646,20,43.66,12,26.2,1477.94,7734.63
,647,391,47.52,318,38.65,646.17,3857.83
,648,2,15.35,2,15.35,130.44,2654.8
,649,4,10.05,0,0,190.95,2756.14
,650,50,135.2,14,37.86,816.61,6800.61
,651,0,0,6,21.05,105.23,1918.69
,652,5,31.4,3,18.84,583.99,3679.75
,653,3,10.91,9,32.74,865.9,2670.45
,654,9,53.34,1,5.93,349.65,3662.44
,655,4,21.49,3,16.12,161.19,3868.68
,656,0,0,1,8.37,92.04,1773.91
,657,42,91.64,10,21.82,3414.57,11646.63
,658,3,20.3,3,20.3,155.67,2260.58
,659,5,14.64,8,23.43,676.45,5294.44
,660,356,65.42,389,71.49,1787.2,7428.52
,661,2,15.29,8,61.15,68.8,3730.32
,662,5,15.9,16,50.89,728.37,5655.22
,663,154,99.59,96,62.08,1960.67,8666.52
,664,4,30.18,1,7.54,286.66,4277.31
,665,0,0,5,15.9,216.2,3634.11
,666,0,0,2,14.39,86.34,3144.34
,667,3,8.43,4,11.24,137.66,2778.4
,668,0,0,7,47.58,20.39,1549.65
,669,3,17.55,3,17.55,988.71,2983.68
,670,3,18.75,0,0,393.73,3049.81
,671,42,219.67,10,52.3,564.85,4979.08
,672,4,25.08,7,43.9,363.7,2627.45
,673,0,0,0,0,116.1,1736.87
,674,4,16.17,4,16.17,80.84,1240.86
,675,1,6.86,1,6.86,260.79,4879.56
,676,4,16.85,2,8.42,724.52,9448.19
,677,9,15.46,2,3.44,893.29,4078.2
,678,28,27.89,46,45.82,514.99,3743.36
,679,12,48.58,33,133.61,708.53,5299.81
,680,3,11.66,0,0,69.94,2121.46
,681,13,21.1,21,34.09,160.72,3298.75
,682,6,10.77,11,19.75,441.72,2813.69
,683,122,59.18,52,25.23,1076.95,7955.35
,684,9,12.83,25,35.64,64.14,3807.28
,685,13,97.93,2,15.07,851.22,6410.55
,686,3,15.5,8,41.34,242.89,4382.43
,687,2,15.87,5,39.69,103.18,1690.61
,688,94,89.99,13,12.45,2109.96,9737.98
,689,17,28.06,29,47.87,402.75,4874.22
,690,7,38.78,0,0,559.59,4770.35
,691,12,18.55,12,18.55,265.95,5201.39
,692,9,47.69,8,42.39,1012.03,7900.17
,693,658,103.02,1029,161.1,1118.78,7860.14
,694,22,41.31,30,56.34,572.76,4499.45
,695,8,64.42,6,48.32,2584.96,13802.54
,696,2,10.24,2,10.24,450.38,4601.05
,697,55,37.52,56,38.2,984.34,4941.47
,698,8,63,0,0,259.88,3016.22
,699,10,41.61,7,29.12,711.46,7368.42
,700,2,18.97,1,9.48,749.31,12349.43
,701,13,38.66,7,20.82,514.53,3967.52
,702,1,3.91,0,0,273.42,4886.34
,703,10,52.68,7,36.88,489.94,11189.55
,704,1,1.86,0,0,57.79,2464.39
,705,27,28.77,21,22.38,985.62,5843.37
,706,3,21.62,5,36.03,259.44,4533.01
,707,1,3.49,1,3.49,101.26,1386.17
,708,21,30.05,1,1.43,728.32,6652.17
,709,13,80.66,1,6.2,254.39,3623.5
,710,9,42.31,0,0,239.75,2848.82
,711,2,18.59,0,0,55.76,2090.88
,712,668,93.79,545,76.52,3081.26,9901.59
,713,8,35.32,9,39.73,909.37,7323.53
,714,5,23.98,5,23.98,105.5,3879.54
,715,28,28.84,20,20.6,739.5,11503.4
,716,33,81.73,8,19.81,321.96,6939.42
,717,1,7.51,1,7.51,15.03,1059.59
,718,3,10.78,8,28.74,441.95,4915.38
,719,5,15.75,9,28.36,1726.58,5293.17
,720,5,8.09,23,37.21,144,2103.36
,721,3,6.56,5,10.93,373.88,4309.42
,722,21,74.82,3,10.69,1304.02,6160.26
,723,6,21.8,1,3.63,232.55,2405.44
,724,35,65.36,44,82.17,524.76,8117.95
,725,22,48.08,18,39.34,439.29,6521.55
,726,3,14.93,7,34.84,154.31,4514.91
,727,6,51.51,2,17.17,171.7,2841.69
,728,5,32.36,1,6.47,271.86,6964.85
,729,75,77.35,28,28.88,2169.92,5011.24
,730,11,38.88,14,49.49,1124.03,9154.85
,731,8,29.18,1,3.65,255.32,3490.54
,732,31,138.62,23,102.85,2209.01,11255.2
,733,5,49.07,3,29.44,2119.93,13023.85
,734,10,27.59,2,5.52,331.04,5892.58
,735,6,48.83,9,73.24,1000.98,6331.38
,736,11,57.85,5,26.3,99.93,3355.42
,737,2,13.4,0,0,247.89,2994.77
,738,22,27.56,29,36.33,987.28,5192.01
,739,0,0,2,15.04,45.13,2858.43
,740,0,0,1,7.23,354.46,4730.9
,741,6,18.84,19,59.67,1884.24,9160.57
,742,16,30.41,22,41.81,309.78,2708.2
,743,11,45.17,6,24.64,332.61,3646.37
,744,3,16.24,8,43.3,167.79,3112.31
,745,5,18.87,4,15.09,264.12,7399.16
,746,3,12.84,0,0,106.98,1377.95
,747,2,16.59,3,24.88,348.32,5382.32
,748,7,26.38,0,0,286.4,3764.7
,749,8,62.56,6,46.92,742.94,5802.77
,750,11,27.18,8,19.77,353.39,2444.09
,751,2,10.78,11,59.31,803.36,5154.47
,752,0,0,1,7.72,84.88,2253.09
,753,1,4.23,8,33.83,346.72,6054.97
,754,725,117.13,585,94.51,1633.81,8501.39
,755,5,25.22,4,20.18,786.89,2133.67
,756,3,22.53,5,37.55,360.5,6023.28
,757,16,42.39,18,47.69,267.59,3799.28
,758,3,15.83,5,26.38,538.17,5550.57
,759,4,31.73,5,39.66,499.72,8043.15
,760,6,34.04,6,34.04,198.58,6683.69
,761,16,22.04,12,16.53,410.47,3629.48
,762,5,21.63,2,8.65,1276.17,4771.59
,763,2,5.29,9,23.81,58.2,2084.49
,764,0,0,0,0,143.18,1988.55
,765,4,12.9,4,12.9,206.47,3229.34
,766,18,30.05,55,91.82,1644.35,7692.56
,767,9,73.53,3,24.51,1282.68,8545.75
,768,5,8.92,10,17.84,194.49,3855.9
,769,4,30.14,0,0,97.97,2449.13
,770,7,32.41,1,4.63,541.74,5922.12
,771,4,33.21,1,8.3,838.59,9407.17
,772,30,128.6,8,34.29,3364.91,14008.32
,773,7,23.69,57,192.93,700.63,3604.67
,774,16,18.11,17,19.24,320.3,4810.2
,775,14,37.57,37,99.29,880.21,9164.34
,776,6,33.84,9,50.77,428.7,4078.29
,777,39,58.86,8,12.07,774.19,6688.5
,778,51,45.28,29,25.75,581.49,5835.3
,779,4,22.63,2,11.31,503.48,6579.17
,780,3,12.87,3,12.87,111.56,4376.74
,781,9,73.81,3,24.6,459.24,3345.91
,782,12,38.84,23,74.45,233.06,4017.09
,783,5,37.07,3,22.24,378.11,3024.91
,784,4,10.74,8,21.48,217.44,4225.28
,785,15,15.53,16,16.57,453.49,3505.76
,786,0,0,0,0,27.66,1069.52
,787,1,8.39,3,25.16,377.36,4293.5
,788,12,9.5,38,30.1,111.68,3520.65
,789,2,12.31,1,6.16,215.44,5884.53
,790,18,44.25,17,41.79,1214.45,6534.41
,791,2,8.14,4,16.28,174.98,3316.51
,792,16,14.89,24,22.33,237.24,2453.34
,793,1,4.13,0,0,78.56,1649.71
,794,2,4.28,0,0,529.02,3452.56
,795,10,92.6,18,166.68,1444.58,6982.13
,796,9,41.68,5,23.16,926.23,6080.67
,797,1,5.61,0,0,61.66,1154.71
,798,2,14.1,0,0,155.09,2629.54
,799,8,22.22,5,13.89,433.21,5695.64
,800,3,14.78,3,14.78,88.69,2049.66
,801,0,0,1,3.91,11.72,917.97
,802,35,62.43,6,10.7,285.38,3708.2
,803,54,87.24,8,12.92,827.14,6242.33
,804,5,43.58,1,8.72,278.92,5308.11
,805,0,0,3,118.16,2008.66,14021.27
,806,3,13.65,2,9.1,450.45,4659.2
,807,20,76.25,24,91.5,236.38,4373.02
,808,1,7.36,0,0,368.19,751.1
,809,11,60.13,0,0,825.36,7165.89
,810,0,0,2,7.8,39.02,1342.18
,811,2,6.68,1,3.34,624.31,2670.85
,812,84,42.97,233,119.19,461.42,7589.33
,813,6,19.96,4,13.31,123.1,3396.77
,814,4,27.65,4,27.65,214.31,2468.03
,815,1,1.66,9,14.96,225.99,3845.13
,816,6,40.21,4,26.81,134.03,3752.85
,817,19,31.97,18,30.29,395.44,4073.84
,818,5,18.21,7,25.5,284.14,3508.07
,819,8,52.16,0,0,508.57,2549.39
,820,6,50.83,0,0,118.6,2685.53
,821,4,30.37,2,15.19,258.16,5011.39
,822,0,0,3,18.65,478.65,5613.23
,823,17,31.52,16,29.67,904.83,3982.72
,824,5,31.34,7,43.88,532.85,4783.1
,825,0,0,1,8.2,24.59,696.61
,826,14,42.96,2,6.14,589.14,7149.43
,827,44,32.63,51,37.82,1280.74,5938.71
,828,15,53.87,22,79.01,506.39,3541.16
,829,0,0,0,0,123.17,5166.28
,830,1,8.96,1,8.96,456.87,1702.05
,831,5,47.29,1,9.46,397.28,4048.43
,832,12,65.47,4,21.82,1964.1,12766.65
,833,29,67.62,73,170.22,1587.93,8580.89
,834,3,17.21,0,0,45.89,3092.01
,835,5,30.13,1,6.03,391.64,4295.96
,836,19,37.07,26,50.73,345.37,5715.12
,837,111,34.19,86,26.49,719.23,6744.72
,838,3,20.37,0,0,312.39,2159.59
,839,8,36.19,6,27.15,389.09,4569.52
,840,5,8.9,21,37.38,377.37,3809.32
,841,2,19.1,3,28.65,257.86,1537.58
,842,2,10.24,11,56.34,962.82,10739.53
,843,0,0,6,25.8,124.69,1835.93
,844,49,34.74,73,51.76,455.92,5054.1
,845,23,49.71,0,0,3834.1,8997.38
,846,0,0,0,0,36.91,3617.57
,847,212,83.63,105,41.42,872.98,5535.31
,848,67,39.88,45,26.78,401.73,6063.49
,849,20,76.72,7,26.85,1331.08,4814.15
,850,0,0,0,0,31.51,992.67
,851,39,99.49,20,51.02,1153.03,7048.29
,852,6,21.87,9,32.8,127.57,4516.13
,853,50,48.58,52,50.52,869.6,7573.77
,854,3,17.96,1,5.99,173.57,2735.22
,855,8,24.28,4,12.14,203.33,3842.07
,856,21,90.47,18,77.55,1391.58,12127.87
,857,1,8.17,11,89.92,384.21,2542.3
,858,1,2.75,2,5.5,27.49,1836.38
,859,23,59.63,17,44.07,956.68,8241.94
,860,46,125.16,102,277.54,3583.48,27010.77
,861,12,20.42,33,56.15,345.39,5361.21
,862,7,29.81,10,42.58,711.12,5344.06
,863,2,17.12,0,0,231.16,1832.19
,864,1,8.19,0,0,147.49,4285.48
,865,10,52.19,5,26.09,506.21,4315.83
,866,1,9.24,0,0,535.75,1995.2
,867,4,15.37,4,15.37,211.4,5796.21
,868,10,70.42,12,84.5,521.09,6724.88
,869,31,53.61,34,58.8,1469.9,7496.5
,870,0,0,1,7.6,68.39,1732.65
,871,7,37.63,0,0,188.13,3794.88
,872,11,17.27,15,23.56,314.07,4690.64
,873,1,8.71,0,0,235.07,4762.32
,874,4,21.49,0,0,96.73,2015.15
,875,23,54.99,25,59.78,920.55,8139.06
,876,11,21.51,11,21.51,791.96,6476.47
,877,10,83.83,0,0,1064.63,2975.94
,878,9,23.22,20,51.6,278.64,2706.47
,879,0,0,3,8.77,67.2,4227.9
,880,18,98.99,3,16.5,824.95,2826.82
,881,3,11.87,3,11.87,166.15,2713.82
,882,9,18.22,5,10.12,125.54,5088.28
,883,46,54.63,50,59.38,951.34,5904.01
,884,14,120.54,1,8.61,1334.6,12493.54
,885,0,0,2,13.72,48.01,2489.71
,886,4,13.19,0,0,98.95,2315.53
,887,12,31.89,12,31.89,441.08,5056.46
,888,1,3.94,8,31.49,204.68,3192.28
,889,0,0,1,8.07,56.51,5085.98
,890,11,35.25,11,35.25,474.31,3214.43
,891,216,55.6,659,169.63,1418.55,9454.95
,892,28,24.34,31,26.95,953.67,8977.74
,893,13,87.78,2,13.51,1215.48,5422.38
,894,36,30.65,31,26.39,530.44,6200.09
,895,10,77.86,8,62.29,537.26,7249.09
,896,1,4.44,3,13.32,84.35,3303
,897,42,39.81,42,39.81,681.43,6474.08
,898,0,0,0,0,96.47,2744.13
,899,0,0,1,8.59,85.9,2010.14
,900,2,10.65,3,15.97,628.09,7404.06
,901,5,28.19,1,5.64,84.57,2627.42
,902,8,24.61,8,24.61,495.28,2294.89
,903,174,150.95,503,436.37,2154.96,8024.71
,904,53,63.42,68,81.37,1395.22,7234.57
,905,3,20.41,9,61.22,292.52,4911.56
,906,3,20.05,0,0,106.96,2246.14
,907,9,43.58,7,33.89,266.29,5175.75
,908,50,133.92,18,48.21,2581.96,11466.15
,909,13,26.94,3,6.22,155.42,4012.02
,910,7,32.73,1,4.68,149.6,2248.71
,911,13,67.96,10,52.28,695.28,5849.76
,912,11,43.04,2,7.83,297.37,3631.1
,913,0,0,3,19.99,306.54,7310.41
,914,15,57.27,18,68.72,832.32,5681.12
,915,3,17.73,4,23.64,212.73,3025.47
,916,0,0,13,57.02,78.94,2719.18
,917,2,11.02,5,27.54,346.99,2952.19
,918,1,8.4,0,0,84.02,2377.75
,919,4,28.51,1,7.13,171.06,6072.7
,920,5,38.6,3,23.16,108.07,4585.46
,921,65,43.52,56,37.5,556.4,7720.02
,922,11,66.56,12,72.61,1240.39,14013.43
,923,3,23.65,1,7.88,212.83,3689.11
,924,1,7.22,0,0,130.01,2181.29
,925,13,39.3,0,0,447.45,8474.42
,926,0,0,3,16.5,54.99,1792.59
,927,10,77.42,0,0,487.73,4250.21
,928,2,3.94,1,1.97,76.92,1110.39
,929,13,46.39,22,78.51,1227.61,7304.97
,930,11,82.43,3,22.48,771.88,9779.68
,931,0,0,1,8.74,43.71,1118.88
,932,7,13.65,14,27.3,74.09,5634.96
,933,0,0,0,0,163.75,2378.42
,934,0,0,5,28.5,906.29,9165.53
,935,13,69.03,4,21.24,1093.88,7205.82
,936,25,52.56,5,10.51,832.58,6830.94
,937,6,33.88,0,0,112.94,4743.62
,938,15,81.46,2,10.86,657.11,7429.13
,939,2,17.5,1,8.75,236.22,4050.74
,940,3,14.49,1,4.83,270.39,4181.35
,941,135,49.52,257,94.26,999.13,5451.18
,942,3,10.57,4,14.09,144.44,1648.7
,943,10,78.2,1,7.82,594.35,4606.24
,944,48,107.7,57,127.89,2344.68,7747.54
,945,35,45.43,2,2.6,1283.7,7364.72
,946,0,0,3,12.11,121.07,3285.04
,947,61,98.7,113,182.84,673.11,7289.29
,948,6,45.26,1,7.54,165.96,4888.35
,949,30,55.45,6,11.09,275.38,5234.07
,950,1,3.56,21,74.71,259.69,3525.44
,951,3,20.59,4,27.45,253.89,3973.1
,952,1,4.72,2,9.43,33.01,2268.33
,953,3,18.99,5,31.65,126.61,4051.66
,954,109,74.67,90,61.65,1169.38,9154.31
,955,0,0,1,6.16,43.13,1336.95
,956,2,18.94,1,9.47,170.42,4004.92
,957,3,22.85,4,30.47,358.01,5408.29
,958,10,37.17,19,70.63,479.52,3802.69
,959,16,30.62,24,45.93,673.62,5105.73
,960,15,68.72,27,123.7,1392.77,13735.28
,961,14,55.19,10,39.42,204.97,3358.43
,962,2,9.69,0,0,67.86,4071.35
,963,4,11.07,5,13.83,182.6,2321.27
,964,2,11.49,2,11.49,155.08,4888
,965,9,36.66,0,0,93.7,1776.18
,966,22,20.52,31,28.92,500.94,5005.64
,967,4,29.98,2,14.99,134.91,2286.01
,968,32,65.45,5,10.23,380.43,5688.05
,969,1,8.59,2,17.18,68.71,3366.83
,970,6,42.31,4,28.2,366.66,5020.45
,971,10,12.7,13,16.52,412.91,4981.58
,972,449,124.81,581,161.5,1562.48,7194.74
,973,1,4.43,0,0,159.32,1106.39
,974,14,54.56,4,15.59,911.96,4450.68
,975,25,92.24,1,3.69,1660.33,7681.81
,976,0,0,3,24.25,137.42,2214.86
,977,435,60.63,459,63.98,1014.86,5790.44
,978,1,9.16,1,9.16,375.6,1722.24
,979,4,28.86,11,79.35,764.68,2395.04
,980,2,15.42,0,0,146.46,2489.79
,981,0,0,0,0,141.03,1039.19
,982,102,91.52,45,40.38,820.1,9176.31
,983,0,0,0,0,55.83,1507.54
,984,18,102.54,42,239.26,2193.23,13301.81
,985,1,6.29,4,25.15,339.49,2382.75
,986,19,54.43,5,14.32,1231.81,5445.74
,987,2,14.95,1,7.48,44.86,2011.21
,988,62,120.79,20,38.96,845.51,10025.33
,989,19,89.15,8,37.54,243.98,3373.53
,990,3,18.19,0,0,794.37,5615.18
,991,10,44.65,32,142.89,415.27,7153.38
,992,9,45.08,8,40.07,140.25,6767.18
,993,2,14.64,4,29.29,541.85,5791.9
,994,2,17.55,12,105.27,131.59,2851.13
,995,1,2.98,2,5.96,369.33,2689.58
,996,38,59.6,49,76.85,1202.99,9584.68
,997,136,68.64,128,64.6,643.52,5655.94
,998,46,83.7,35,63.69,902.54,7276.73
,999,16,20.34,19,24.16,205.97,3743.02
,1000,10,28.85,5,14.43,513.6,3990.54
,1001,22,44.86,16,32.63,383.35,3574.56
,1002,10,32.17,5,16.09,74,2429.14
,1003,209,116.34,73,40.63,2304.49,9956.08
,1004,10,18.16,24,43.59,908.08,6418.34
,1005,0,0,1,3.23,32.29,1443.33
,1006,6,43.85,7,51.16,716.27,5562.05
,1007,3,14.32,0,0,124.14,1675.9
,1008,9,66.74,0,0,400.42,5613.23
,1009,0,0,1,9.44,18.87,1283.26
,1010,22,32,15,21.82,622.5,4126.25
,1011,0,0,11,94.51,137.47,3909.27
,1012,26,53.95,7,14.53,734.56,6596.53
,1013,3,18.88,3,18.88,44.06,1982.88
,1014,353,93.62,401,106.36,2601.6,9420.56
,1015,0,0,1,3.19,79.76,1885.47
,1016,7,17.57,4,10.04,401.67,3549.73
,1017,18,56.2,11,34.34,224.8,4842.49
,1018,0,0,6,23.93,386.92,6382.13
,1019,1,6.19,0,0,37.13,2054.58
,1020,1,6.94,1,6.94,69.41,2151.58
,1021,90,137.13,29,44.19,2082.86,9425.42
,1022,2,11.62,0,0,203.29,1469.48
,1023,9,24.32,0,0,178.31,3787.76
,1024,9,61.59,4,27.37,1266.08,2607.45
,1025,24,37.51,13,20.32,426.71,5608.18
,1026,4,15.77,3,11.82,106.42,3121.55
,1027,36,84.81,40,94.24,690.29,8622.72
,1028,33,31.79,85,81.87,639.59,5478.87
,1029,4,6.9,12,20.7,144.9,3508.59
,1030,1,6.55,0,0,13.1,2363.96
,1031,81,124.24,49,75.16,1432.56,6883.65
,1032,0,0,1,9.18,358,2717.09
,1033,10,42.5,1,4.25,395.27,2375.89
,1034,4,34.89,1,8.72,985.78,7781.56
,1035,8,26.75,9,30.1,598.56,4270.19
,1036,14,26.67,3,5.72,493.46,8139.16
,1037,17,146.88,4,34.56,1045.45,10860.55
,1038,16,91.56,6,34.34,412.04,5133.34
,1039,3,22.49,2,15,307.42,4978.63
,1040,0,0,1,6.92,96.85,3147.7
,1041,5,17.02,19,64.68,268.94,3295.32
,1042,0,0,0,0,147.83,3030.55
,1043,9,41.09,13,59.36,803.58,7108.94
,1044,39,20.31,113,58.85,974.37,7215.88
,1045,4,36.6,2,18.3,603.84,7721.87
,1046,59,56.39,45,43.01,1183.14,6316.12
,1047,257,98.76,184,70.71,3928.03,10942.54
,1048,88,120.18,97,132.47,2941.62,7166.95
,1049,42,60.61,42,60.61,577.28,7709.63
,1050,26,62.88,8,19.35,1332.66,6682.63
,1051,46,66.93,18,26.19,566.03,6086.67
,1052,64,53.23,57,47.41,390.93,6890.36
,1053,114,76.1,384,256.33,916.52,9460.97
,1054,71,112.73,25,39.69,1020.91,11250.65
,1055,0,0,3,22.94,183.56,2699.81
,1056,1,8.82,0,0,8.82,3167.46
,1057,10,34.72,10,34.72,395.81,3517.12
,1058,7,15,16,34.3,319.39,4392.09
,1059,5,22.91,12,54.99,132.89,3986.8
,1060,15,31.62,14,29.51,672.46,5046.59
,1061,4,27.99,4,27.99,538.88,4674.92
,1062,1,7.6,0,0,212.78,2173.42
,1063,28,67.39,44,105.89,536.69,9352.36
,1064,5,26.4,5,26.4,337.96,4198.13
,1065,11,28.65,8,20.84,885.56,2878.05
,1066,10,26.38,11,29.02,137.16,2640.39
,1067,3,6.48,3,6.48,188.02,1346.39
,1068,11,19.23,15,26.22,241.21,5743.65
,1069,0,0,1,6.45,51.57,1366.51
,1070,2,3.99,18,35.9,199.45,4374.02
,1071,0,0,1,3.29,207.47,2133.97
,1072,3,18.83,7,43.95,420.62,4564
,1073,3,23.67,1,7.89,55.23,2351.27
,1074,10,45.04,11,49.54,1531.26,4107.37
,1075,1,6.91,1,6.91,62.17,4759.27
,1076,7,30.23,6,25.91,1593.54,2725
,1077,1,5.9,0,0,601.38,4020.99
,1078,11,31.31,18,51.23,216.31,5063.33
,1079,1,6.17,0,0,61.69,888.29
,1080,9,19.32,11,23.62,650.56,3139.02
,1081,8,40.01,3,15,525.08,6706.01
,1082,1,9.59,1,9.59,182.15,4908.45
,1083,0,0,0,0,84.96,2473.33
,1084,4,12.83,16,51.31,125.06,2379.35
,1085,1,2.57,9,23.13,25.7,1765.89
,1086,11,61.35,8,44.62,730.58,9118.29
,1087,5,22.9,5,22.9,114.49,3201.14
,1088,0,0,1,8.76,61.33,3451.9
,1089,0,0,0,0,33.38,1962.62
,1090,6,31.47,3,15.73,178.33,3498.37
,1091,10,14.43,8,11.54,249.58,3348.43
,1092,1,2.71,4,10.84,43.35,1514.7
,1093,9,17.9,4,7.95,294.3,4128.14
,1094,49,25.75,46,24.17,611.05,5857.78
,1095,10,30.86,12,37.03,438.23,6156.84
,1096,2,4.02,20,40.24,150.88,2939.22
,1097,19,105.54,0,0,966.56,6504.83
,1098,0,0,0,0,134.26,3269.63
,1099,9,11.72,16,20.84,166.71,3413.65
,1100,18,75.75,10,42.08,938.43,7259.18
,1101,8,18.87,7,16.51,974.36,13650.41
,1102,12,30.94,21,54.14,618.78,4473.26
,1103,1,3.29,10,32.95,204.28,2263.52
,1104,90,106.61,136,161.11,643.24,5166.08
,1105,24,90.21,7,26.31,360.85,4784.99
,1106,6,42.76,3,21.38,669.95,4632.6
,1107,8,15.07,1,1.88,177.06,3987.64
,1108,8,27.64,4,13.82,190.01,1931.18
,1109,14,36.68,9,23.58,822.57,3492
,1110,11,27.15,48,118.49,589.98,4825.97
,1111,16,35.02,4,8.75,188.22,3403.37
,1112,1,5.05,2,10.11,151.58,3910.87
,1113,0,0,4,23.32,145.76,5054.8
,1114,73,97.8,22,29.47,833.29,7431.27
,1115,204,83.66,135,55.36,1135.5,8027.25
,1116,297,109.7,215,79.42,2466.68,9349.97
,1117,3,24.47,3,24.47,750.53,8117.15
,1118,22,52.11,6,14.21,184.77,3181.33
,1119,72,54.11,192,144.3,1908.96,8455.77
,1120,1,7.82,0,0,54.75,5552.95
,1121,5,23.05,7,32.27,364.21,5297.13
,1122,3,8.69,0,0,147.79,4129.36
,1123,11,34.36,0,0,1680.3,12452.37
,1124,1,5.99,1,5.99,83.81,2675.85
,1125,22,64.33,7,20.47,663.76,7228.28
,1126,53,61.77,33,38.46,536.08,5063.63
,1127,1,6.07,0,0,103.24,2641.81
,1128,44,51.13,18,20.92,779.72,5227.99
,1129,24,43.82,17,31.04,385.23,3850.44
,1130,8,47.01,0,0,82.26,5153.06
,1131,3,10.29,8,27.43,236.6,1543.05
,1132,6,50,2,16.67,716.61,5232.9
,1133,18,40.58,16,36.07,845.39,9292.57
,1134,5,12.6,1,2.52,297.32,3897.9
,1135,18,44.54,16,39.59,143.51,4097.49
,1136,0,0,0,0,50.49,1609.44
,1137,8,14.19,4,7.1,475.46,3738
,1138,1,5.6,11,61.62,39.21,1243.63
,1139,8,28.99,3,10.87,1138.05,9843.79
,1140,11,25.79,10,23.45,1313.17,3831.63
,1141,8,24.8,5,15.5,796.75,6308.9
,1142,2,8.71,0,0,95.76,1915.21
,1143,2,15.08,15,113.13,211.18,7240.37
,1144,4,14.02,5,17.53,234.84,2316.86
,1145,3,5.38,9,16.14,270.88,4952.91
,1146,13,50.55,4,15.55,497.69,4514.17
,1147,0,0,15,100.2,387.44,8076.15
,1148,13,85.4,2,13.14,1517.44,9794.39
,1149,3,21.7,10,72.32,130.17,3087.94
,1150,3,20.03,0,0,1108.14,7162.88
,1151,9,26.64,78,230.84,790.2,5445.56
,1152,3,27.7,9,83.09,840.18,4256.3
,1153,6,12.45,7,14.53,373.65,4739.07
,1154,11,44.71,14,56.9,325.15,5742.97
,1155,4,12.41,0,0,425.03,3378.53
,1156,28,49.54,5,8.85,265.42,4055.56
,1157,8,33.88,0,0,173.62,2151.18
,1158,4,13.67,0,0,1196.34,2631.94
,1159,130,70.28,143,77.3,555.18,7553.59
,1160,5,14.58,13,37.91,358.64,5181.36
,1161,1,8.84,1,8.84,106.04,3614.35
,1162,15,43.97,8,23.45,275.53,8969.4
,1163,17,56.75,12,40.06,824.52,5738.22
,1164,8,23.68,1,2.96,239.72,2903.31
,1165,8,48.24,1,6.03,319.6,4287.52
,1166,13,19.67,6,9.08,175.54,2916.07
,1167,82,96.97,76,89.88,1224,7475.25
,1168,6,53.82,1,8.97,125.57,3264.87
,1169,0,0,1,8.66,138.54,1359.43
,1170,42,57.26,2,2.73,1203.87,7311.82
,1171,20,22.79,18,20.51,208.56,6441.54
,1172,1,7.14,0,0,950.27,8202.34
,1173,0,0,0,0,66.3,1443.94
,1174,2,11.09,9,49.91,754.26,4630.91
,1175,11,35.12,7,22.35,268.19,3457.74
,1176,3,9.44,9,28.31,534.69,5777.82
,1177,7,25.39,0,0,304.71,5833.06
,1178,12,41.53,7,24.23,114.21,3637.43
,1179,3,18.04,0,0,120.26,1906.19
,1180,18,47.64,24,63.52,690.81,7453.28
,1181,23,40.13,20,34.89,197.14,6512.56
,1182,1,5.44,1,5.44,212.07,2974.44
,1183,44,67.28,8,12.23,697.28,7370.37
,1184,5,29.86,1,5.97,513.59,3147.21
,1185,15,78.79,4,21.01,546.28,4107.57
,1186,3,9.47,2,6.31,123.07,1707.22
,1187,10,25.19,13,32.74,619.57,2284.35
,1188,11,79.31,1,7.21,216.29,2718.1
,1189,6,45.64,2,15.21,167.34,3772.72
,1190,61,113.04,33,61.15,563.33,5957.57
,1191,4,11.5,9,25.88,485.98,4077.64
,1192,9,69.03,1,7.67,1165.91,6696.33
,1193,79,85.7,278,301.59,2299.87,6833.44
,1194,22,40.7,12,22.2,199.81,4754.77
,1195,5,22.61,1,4.52,108.52,1777.07
,1196,1,5.97,8,47.78,286.67,4646.44
,1197,0,0,2,12.56,238.59,2059.4
,1198,13,41.36,9,28.63,362.65,2742.17
,1199,7,37.68,5,26.92,602.9,5151.53
,1200,14,67.7,9,43.52,483.61,3032.21
,1201,3,22.13,4,29.51,177.04,4086.75
,1202,0,0,0,0,35.26,2397.74
,1203,12,69.93,12,69.93,1730.67,5524.15
,1204,18,50.77,14,39.49,857.47,5835.9
,1205,5,44.74,0,0,1082.77,5100.67
,1206,13,31.16,18,43.14,467.36,4510.59
,1207,12,22.33,17,31.63,2037.32,5511.01
,1208,3,7.48,6,14.96,79.79,2580.79
,1209,4,16.65,7,29.14,237.29,3488.61
,1210,34,167.69,9,44.39,1252.77,10954.38
,1211,49,47.14,57,54.84,1189.11,3553.87
,1212,6,16.73,3,8.36,867.12,2238.89
,1213,17,88.84,15,78.39,2241.85,8005.85
,1214,2,18.32,1,9.16,219.84,1190.8
,1215,66,44.91,66,44.91,1019.98,5153.64
,1216,11,81.43,5,37.01,1317.64,10171
,1217,16,57.04,14,49.91,438.5,5340.46
,1218,8,17.79,11,24.47,698.38,4450.52
,1219,16,38.9,25,60.78,636.96,5810.42
,1220,1,7.16,0,0,150.31,2898.86
,1221,17,68.68,8,32.32,484.83,5244.23
,1222,9,22.1,17,41.75,260.35,4315.36
,1223,396,34.2,245,21.16,1162.84,6219.62
,1224,3,23.95,0,0,39.92,1892.37
,1225,3,23.83,1,7.94,150.9,2422.37
,1226,5,19.54,5,19.54,418.07,3450.03
,1227,553,55.31,958,95.81,672.57,9191.32
,1228,1,6.88,2,13.77,117.03,1239.16
,1229,102,86.77,58,49.34,537.64,6058.7
,1230,4,9.26,35,80.98,333.19,3158.41
,1231,2,5.39,0,0,177.84,3823.66
,1232,7,46.48,1,6.64,338.62,4727.44
,1233,25,76.03,4,12.17,2572.91,6982.76
,1234,28,84.67,20,60.48,1448.4,8360.8
,1235,19,26.01,14,19.17,570.95,5554.79
,1236,1,8.14,0,0,415.11,3418.53
,1237,1,3.94,6,23.63,712.74,9557
,1238,174,85.66,170,83.69,1617.17,9371.69
,1239,8,15.59,9,17.53,409.11,5287.25
,1240,6,27.52,2,9.17,210.97,3425.98
,1241,3,21.82,4,29.1,349.17,3673.53
,1242,2,10.77,4,21.54,113.07,4485.25
,1243,8,35.45,2,8.86,793.23,3137.46
,1244,2,16.7,1,8.35,66.79,1928.7
,1245,10,82.51,3,24.75,1889.44,11105.61
,1246,0,0,1,3.7,85.15,3457.98
,1247,0,0,5,40.4,56.56,2108.75
,1248,9,42.31,0,0,103.43,2712.74
,1249,0,0,6,43.65,298.25,2880.63
,1250,79,49.5,116,72.68,852.74,6184.09
,1251,6,13.98,16,37.29,349.61,3920.29
,1252,24,51.51,53,113.75,847.77,7632.05
,1253,17,30.18,5,8.88,1075.77,5547.47
,1254,0,0,4,35.43,79.71,4941.99
,1255,44,39.13,30,26.68,534.46,6542.41
,1256,99,79.71,227,182.78,2288.32,12328.9
,1257,0,0,0,0,316.14,2746.83
,1258,9,68.4,1,7.6,782.85,4263.89
,1259,166,67.31,119,48.25,1807.31,6499.74
,1260,1,3.85,9,34.61,30.76,2195.73
,1261,4,30.39,0,0,159.55,1671.48
,1262,1,8.96,3,26.88,268.82,4068.1
,1263,11,87.3,8,63.49,1007.94,5920.63
,1264,2,19.28,0,0,578.26,7305.32
,1265,8,23.27,4,11.64,267.64,4933.82
,1266,39,37.67,12,11.59,566.06,7883.27
,1267,3,28.97,0,0,86.9,2056.58
,1268,1,4.39,3,13.18,48.33,1818.82
,1269,0,0,0,0,204.98,3093.72
,1270,9,36.01,2,8,504.2,4957.98
,1271,0,0,2,9.44,80.26,2105.66
,1272,7,26.57,3,11.39,170.78,2724.96
,1273,23,71.1,36,111.28,234.92,8645.79
,1274,6,11.93,5,9.94,79.56,2838.22
,1275,28,105.01,17,63.75,952.56,5306.58
,1276,191,102.65,160,85.99,1849.26,9547.28
,1277,0,0,0,0,59.7,820.9
,1278,29,57.04,10,19.67,572.35,5265.23
,1279,32,60.59,14,26.51,1168.18,6013.22
,1280,1,4.82,1,4.82,173.64,2295.86
,1281,15,42.23,9,25.34,104.17,4099.33
,1282,3,21.49,5,35.81,1289.31,6955.09
,1283,5,40.8,3,24.48,220.3,4658.94
,1284,18,53.67,39,116.29,787.17,7391.62
,1285,0,0,13,14.07,143.94,3498.99
,1286,7,55.98,2,15.99,463.85,4526.55
,1287,3,11.87,18,71.23,407.57,13627.73
,1288,0,0,0,0,248.57,1464.56
,1289,35,77.67,12,26.63,372.83,3295.53
,1290,0,0,3,14.22,28.45,2204.52
,1291,1,9.96,1,9.96,89.62,3355.91
,1292,15,54.55,17,61.82,385.5,3302.18
,1293,9,27.19,8,24.17,241.68,2640.32
,1294,6,31.57,7,36.83,352.5,3367.18
,1295,14,24.24,25,43.28,361.82,4598.1
,1296,53,45.62,55,47.34,1118.18,6251.13
,1297,4,18.97,5,23.71,251.32,4846.13
,1298,0,0,2,16.66,149.98,2199.63
,1299,10,62.93,4,25.17,295.76,2869.55
,1300,3,21.54,0,0,272.83,1744.69
,1301,3,10.25,4,13.67,167.41,1674.13
,1302,11,37.43,9,30.63,1102.6,6333.16
,1303,5,39.53,9,71.15,1083.09,10253.78
,1304,10,38.73,5,19.36,863.57,5305.35
,1305,32,72.32,31,70.06,596.65,9605.17
,1306,4,23.29,1,5.82,139.76,1176.33
,1307,8,46.04,6,34.53,828.73,6192.45
,1308,10,18.15,0,0,455.62,3165.73
,1309,3,7.78,3,7.78,59.64,2831.8
,1310,17,43.64,2,5.13,939.47,4833.41
,1311,18,70.76,6,23.59,1419.14,11671.52
,1312,27,81.13,23,69.11,1577.48,12154.08
,1313,200,170.67,59,50.35,1250.99,9531.77
,1314,7,49.68,0,0,127.76,3080.42
,1315,12,23.76,17,33.66,384.07,4329.75
,1316,0,0,1,9.13,246.55,2100.26
,1317,4,30.04,1,7.51,232.79,3101.3
,1318,15,80.45,5,26.82,1163.91,6141.39
,1319,4,19.77,4,19.77,682.12,2590.08
,1320,3,25.8,9,77.4,395.6,5288.96
,1321,8,60.41,8,60.41,1230.84,7332.18
,1322,4,23.65,6,35.48,76.88,1738.62
,1323,424,68.12,512,82.25,966.16,7218.05
,1324,18,48.7,9,24.35,1201.23,10253.77
,1325,0,0,1,8.96,134.43,3826.85
,1326,2,16.72,2,16.72,292.57,4848.28
,1327,5,14.95,5,14.95,340.76,5153.19
,1328,8,16.48,3,6.18,348.12,3804.64
,1329,1,4.47,1,4.47,22.33,1246.15
,1330,1,5.08,0,0,244.05,4021.76
,1331,8,31.89,2,7.97,171.38,3021.12
,1332,1,3.87,0,0,85.1,3009.44
,1333,6,48.53,5,40.44,121.32,4019.73
,1334,39,21.14,50,27.1,483.47,3470.5
,1335,2,3.23,21,33.95,161.68,2942.65
,1336,0,0,2,18.83,310.65,2776.99
,1337,2,7.44,3,11.16,141.42,2508.28
,1338,109,128.42,17,20.03,2065.29,7289.2
,1339,18,45.19,82,205.85,1265.25,9165.54
,1340,15,33.78,13,29.28,617.09,6722.67
,1341,1,3.49,6,20.92,90.66,2873.38
,1342,2,19.06,0,0,76.24,2639.86
,1343,3,20.55,1,6.85,219.16,1657.42
,1344,17,59.26,5,17.43,1307.21,10938.75
,1345,6,42.68,4,28.45,113.81,3151.23
,1346,7,56.18,6,48.15,698.18,2760.61
,1347,0,0,1,7.31,116.97,3136.19
,1348,14,49.5,15,53.03,597.51,7265.59
,1349,324,58.48,200,36.1,3048.38,9252.35
,1350,21,28.62,81,110.38,720.85,4624.86
,1351,7,13.25,0,0,83.27,4210.9
,1352,10,83.96,15,125.93,444.97,7085.89
,1353,6,32.97,6,32.97,186.81,5961.54
,1354,5,37.56,7,52.59,1502.52,4492.52
,1355,5,9.78,7,13.7,90.01,3254.08
,1356,1,3.86,4,15.45,390.07,3873.63
,1357,6,58.57,3,29.29,458.81,6696.6
,1358,3,14.52,1,4.84,96.77,1437
,1359,22,24.92,14,15.86,440.66,3533.2
,1360,36,131.27,27,98.45,3540.57,12185.96
,1361,13,33.81,3,7.8,408.34,4390.35
,1362,6,30.46,0,0,568.5,2796.81
,1363,0,0,0,0,78.88,1507.45
,1364,2,6.33,0,0,740.32,4533.66
,1365,12,102.94,1,8.58,669.13,4520.89
,1366,14,28.86,19,39.16,138.1,6113.32
,1367,1,5.41,0,0,27.07,3789.93
,1368,7,48.02,0,0,1029.02,6613.16
,1369,33,50.66,59,90.58,2956.98,4214.39
,1370,35,34.88,64,63.79,1625.6,11484.87
,1371,6,51.04,3,25.52,1514.12,7655.67
,1372,492,121.68,248,61.33,4026.59,13325.77
,1373,5,9.46,9,17.02,242.12,3514.55
,1374,3,23.53,8,62.76,439.32,4950.18
,1375,1,9.02,0,0,243.53,3616.85
,1376,66,48.71,64,47.23,1160.86,6844.87
,1377,27,21.88,46,37.27,223.64,5202.98
,1378,2,7.52,7,26.34,285.93,2840.48
,1379,31,155.61,1,5.02,476.86,3915.27
,1380,12,23.04,0,0,887.01,3202.46
,1381,70,69.06,39,38.48,1155.27,6390.96
,1382,9,51.44,6,34.29,800.14,7898.5
,1383,13,38.41,18,53.18,499.32,4597.29
,1384,0,0,6,23.71,383.23,5637.86
,1385,5,13.5,16,43.19,89.07,879.92
,1386,1,8.31,1,8.31,83.09,2908.18
,1387,0,0,0,0,107.37,1250.55
,1388,67,57.04,60,51.08,332.86,8062.76
,1389,5,20.24,2,8.1,113.34,2388.28
,1390,6,9.59,5,7.99,487.27,2789.45
,1391,19,24.08,0,0,1764.17,7210.03
,1392,0,0,0,0,39.54,1333.11
,1393,15,15.47,21,21.65,408.3,3967.5
,1394,28,41.79,22,32.83,1707.41,5258.05
,1395,1,6.66,0,0,106.6,2072.09
,1396,2,7.79,6,23.38,487.18,8375.56
,1397,15,84.15,0,0,297.32,3309.77
,1398,3,24.59,3,24.59,131.14,1786.74
,1399,0,0,2,6.66,13.32,1248.38
,1400,23,63.31,7,19.27,231.23,2738.93
,1401,12,22.52,27,50.67,540.49,5887.21
,1402,18,28.63,10,15.9,1348.6,2899.17
,1403,2,11.49,0,0,86.15,2940.5
,1404,3,15.02,0,0,70.12,1843.04
,1405,5,23,2,9.2,280.63,6817.87
,1406,15,55.29,6,22.11,449.67,4743.65
,1407,9,53.53,0,0,386.63,4490.84
,1408,29,43.04,4,5.94,978.02,3076.53
,1409,2,15.86,8,63.43,63.43,1791.94
,1410,7,44.69,6,38.31,434.14,6748.39
,1411,13,40.18,25,77.27,689.27,4280.9
,1412,41,58.15,56,79.42,694.91,4887.04
,1413,5,31.92,1,6.38,210.67,3255.87
,1414,39,40.39,59,61.11,798.57,8426.98
,1415,5,40.49,0,0,736.96,4186.91
,1416,30,25.56,42,35.78,473.71,4686.81
,1417,30,124.94,20,83.3,662.2,7933.86
,1418,3,18.31,7,42.72,463.84,5932.26
,1419,2,17.5,2,17.5,507.39,3927.92
,1420,17,45.33,9,24,391.99,5037.2
,1421,8,39.16,0,0,582.45,5599.33
,1422,8,77.15,3,28.93,298.97,5111.39
,1423,2,18.82,0,0,517.6,5458.31
,1424,12,40.05,14,46.73,874.44,6244.58
,1425,7,50.74,5,36.25,1790.5,10344.33
,1426,5,37.02,3,22.21,651.61,2302.85
,1427,16,71.19,6,26.7,489.45,5753.31
,1428,8,14.29,4,7.15,778.93,3115.73
,1429,1,7.44,4,29.76,282.67,4202.93
,1430,23,67.88,13,38.37,1230.71,6658.21
,1431,0,0,0,0,186.22,1935.36
,1432,3,23.75,0,0,110.86,3436.53
,1433,31,26.87,24,20.8,340.63,4352.73
,1434,13,58.13,18,80.49,384.56,6255.87
,1435,5,42.27,8,67.63,109.9,3998.65
,1436,4,26,15,97.51,208.02,3737.89
,1437,11,105.34,1,9.58,1522.7,5420.42
,1438,699,102.92,387,56.98,1681.08,8316.74
,1439,5,26.01,1,5.2,62.43,1050.88
,1440,0,0,2,15.22,30.44,2184.17
,1441,7,36.51,1,5.22,323.35,1324.71
,1442,24,101.66,6,25.42,881.06,5900.54
,1443,14,14.81,6,6.35,579.84,3115.05
,1444,38,102.91,12,32.5,1700.7,5291.66
,1445,4,24.24,12,72.73,1339.48,5630.64
,1446,7,29,0,0,165.71,2158.42
,1447,2,6.01,13,39.07,261.47,3849.97
,1448,6,18,3,9,300,7305.07
,1449,6,56.32,1,9.39,234.68,4881.25
,1450,14,72.81,0,0,462.84,3479.12
,1451,25,92.51,6,22.2,1202.68,4888.43
,1452,8,69.24,5,43.28,519.3,4102.48
,1453,5,16.06,10,32.11,253.7,2957.71
,1454,2,5.55,2,5.55,41.65,699.77
,1455,22,33.44,8,12.16,541.12,4865.48
,1456,20,31.37,79,123.9,611.64,4781.77
,1457,10,43.78,8,35.02,595.42,6348.23
,1458,11,29.78,16,43.31,343.81,5698.58
,1459,17,61.94,3,10.93,648.57,4693.02
,1460,37,104.21,13,36.62,543.6,3993.92
,1461,5,8.46,14,23.68,470.21,2417
,1462,6,49.62,0,0,272.91,5061.2
,1463,100,44.02,59,25.97,2017.65,6265.54
,1464,19,83.26,4,17.53,604.73,2502.19
,1465,10,42.04,7,29.43,870.26,7470.78
,1466,30,95.33,5,15.89,1404.47,7778.59
,1467,11,21.66,22,43.33,145.74,5494.94
,1468,18,20.76,42,48.44,811.92,6709.88
,1469,62,84.62,20,27.3,631.89,6142.86
,1470,73,137.56,7,13.19,1164.57,5575.97
,1471,1,8.06,3,24.18,56.43,1644.5
,1472,8,51.82,6,38.87,129.56,2617.09
,1473,2,13.55,4,27.11,291.41,1328.27
,1474,4,26.53,0,0,199,1247.1
,1475,3,19.94,0,0,471.89,3728.57
,1476,76,45.97,63,38.11,1421.42,14206.91
,1477,6,54.18,1,9.03,460.5,3033.86
,1478,1,7.94,0,0,39.71,905.48
,1479,16,79.8,1,4.99,369.08,3451.37
,1480,2,15.41,6,46.24,208.06,2743.32
,1481,2,15.47,5,38.66,278.38,2938.45
,1482,11,39.04,8,28.4,330.1,5061.58
,1483,15,48.29,13,41.85,367.02,9848.36
,1484,1,4.44,1,4.44,248.69,1390
,1485,32,19.96,19,11.85,303.7,4036.62
,1486,13,30.27,11,25.61,221.18,3888.15
,1487,3,27.2,2,18.13,1759,10952.94
,1488,40,134.82,21,70.78,903.3,7624.12
,1489,19,98.34,23,119.05,2008.28,5983.44
,1490,5,12.79,15,38.38,570.65,5849.84
,1491,2,7.18,2,7.18,82.59,2574.6
,1492,1,4.37,0,0,179.06,2166.22
,1493,16,45.73,7,20.01,1440.54,9049.08
,1494,6,27.36,70,319.18,1199.22,7633.03
,1495,13,22.8,16,28.06,270.09,2023.89
,1496,33,75.24,25,57,449.15,6313.13
,1497,1,4.61,0,0,115.14,2118.64
,1498,25,47.3,10,18.92,1275.11,9192.55
,1499,4,33.47,3,25.1,1204.92,6827.88
,1500,29,95.7,2,6.6,290.39,6771.38
,1501,18,35.26,9,17.63,284.04,5870.71
,1502,7,28.59,0,0,514.54,3540.51
,1503,0,0,1,4.35,69.59,1317.85
,1504,36,66.91,10,18.59,513,5817.74
,1505,2,8.54,3,12.81,469.8,4317.93
,1506,19,69.44,10,36.55,694.37,4129.66
,1507,5,34.65,2,13.86,277.22,4809.76
,1508,14,72.84,13,67.63,239.32,6461.68
,1509,80,45.14,284,160.23,813.57,6641.13
,1510,11,70.29,0,0,632.63,4013.04
,1511,2,17.9,1,8.95,178.97,3319.91
,1512,56,92.81,60,99.44,1756.74,9363.76
,1513,4,13.33,2,6.67,173.3,1753.04
,1514,0,0,0,0,313.48,5919.23
,1515,20,23.97,27,32.36,433.92,3846.57
,1516,7,61.15,7,61.15,602.73,14142.21
,1517,1,4.98,1,4.98,44.79,2662.35
,1518,33,28.94,31,27.19,659.56,6668.42
,1519,7,66.54,0,0,1292.78,7813.69
,1520,8,40.05,1,5.01,150.18,2432.92
,1521,8,25.22,5,15.76,349.87,2937.65
,1522,3,10.89,15,54.46,279.55,2508.71
,1523,30,241.06,11,88.39,739.25,8155.89
,1524,7,47.46,0,0,284.75,8922.03
,1525,42,33.1,21,16.55,822.7,8282.9
,1526,226,63.7,335,94.42,1262.47,6896.95
,1527,3,11.68,2,7.79,210.28,2675.23
,1528,5,22.75,0,0,464.08,5286.86
,1529,3,21.27,0,0,42.54,843.73
,1530,8,10.75,5,6.72,205.68,3085.26
,1531,14,28.86,1,2.06,896.83,3195.61
,1532,68,67.05,27,26.62,383.57,4344.48
,1533,8,42.98,1,5.37,75.22,3771.56
,1534,10,19.13,10,19.13,1262.31,3798.41
,1535,5,28.98,12,69.55,144.9,5633.8
,1536,2,18.16,1,9.08,1425.33,9568.77
,1537,27,91.2,2,6.76,1607.89,13200.92
,1538,6,31.78,0,0,121.81,6164.6
,1539,4,17.59,7,30.78,567.16,5355.02
,1540,62,401.35,44,284.83,627.91,6194.98
,1541,2,7.7,0,0,69.34,1032.44
,1542,19,93.42,11,54.09,2586.29,5575.77
,1543,1,8.41,0,0,235.59,3474.97
,1544,5,20.95,7,29.32,180.13,2836.08
,1545,54,70.24,29,37.72,2682.28,11058.21
,1546,0,0,0,0,16.92,516.16
,1547,1,5.88,0,0,94.15,1253.38
,1548,9,56.93,9,56.93,929.91,4067.56
,1549,5,22.79,2,9.11,350.93,5660.38
,1550,116,151.12,60,78.17,530.22,7817.87
,1551,17,28.13,29,47.99,316.1,5085.73
,1552,9,77.47,0,0,421.76,4484.42
,1553,1,8.03,3,24.1,216.87,3935.74
,1554,0,0,0,0,54.25,2242.31
,1555,89,52.93,69,41.04,671.46,7617.37
,1556,18,24.68,7,9.6,309.84,3644.04
,1557,15,36.19,18,43.43,1095.4,6878.83
,1558,0,0,0,0,23.52,2014.66
,1559,33,22.19,65,43.71,616.67,5849.28
,1560,0,0,5,14.31,88.7,2500.79
,1561,7,30.29,4,17.31,1129.23,4274.65
,1562,2,6.85,1,3.43,58.23,1791.46
,1563,20,74.91,9,33.71,1292.18,5775.5
,1564,25,105.16,21,88.33,1013.71,9245.39
,1565,9,29.15,1,3.24,103.65,2753.13
,1566,157,70.17,132,58.99,1564.23,9600.36
,1567,2,15.23,3,22.84,91.37,3114.06
,1568,3,23.56,0,0,125.67,2599.75
,1569,6,33.46,0,0,786.35,6424.63
,1570,14,44.51,15,47.69,438.76,5118.91
,1571,14,50.32,1,3.59,747.58,6954.68
,1572,6,30.84,0,0,128.51,4467.18
,1573,3,14.23,0,0,284.54,4599.99
,1574,25,91.39,38,138.92,1089.42,10956.35
,1575,26,22.23,33,28.22,624.28,6481.43
,1576,2,16.32,1,8.16,620.31,10218.74
,1577,5,32.85,6,39.41,696.31,3461.87
,1578,1,7.34,0,0,161.4,4152.3
,1579,7,46.03,0,0,618.06,5799.2
,1580,3,11.97,12,47.89,243.44,3412.22
,1581,9,20.38,8,18.12,140.42,1929.7
,1582,13,70.22,12,64.82,1199.16,8097.01
,1583,2,4.87,4,9.74,233.77,3284.96
,1584,4,15.65,1,3.91,66.52,2246.14
,1585,20,38.12,26,49.55,1964.89,5359.15
,1586,1,4.83,0,0,521.89,3682.23
,1587,2,13.22,8,52.87,455.99,5075.34
,1588,2,9.84,1,4.92,142.71,3110.08
,1589,15,73.38,1,4.89,816.99,2739.59
,1590,1,4.05,3,12.14,24.29,2724.37
,1591,2,11.69,1,5.85,105.23,5092.08
,1592,26,124.57,3,14.37,210.81,5442.7
,1593,0,0,5,48.87,87.96,2238.08
,1594,10,22.04,16,35.26,315.14,2781.21
,1595,14,37.13,3,7.96,230.76,5660.33
,1596,31,24,73,56.52,493.93,5650.82
,1597,204,53.87,267,70.5,3829.21,14679.18
,1598,2,7.16,2,7.16,89.44,1595.59
,1599,4,26.79,0,0,428.64,2913.4
,1600,12,60.69,1,5.06,900.31,8203.94
,1601,11,63.79,0,0,133.38,4662.49
,1602,6,50.6,3,25.3,1054.23,4301.26
,1603,1,5.82,0,0,232.83,2741.56
,1604,4,32.78,0,0,450.75,4179.64
,1605,259,61.71,231,55.04,1595.37,7757.66
,1606,1,3.51,3,10.52,343.74,6674.85
,1607,2,7.57,0,0,15.14,969
,1608,8,51.52,4,25.76,399.28,7702.22
,1609,21,37.73,27,48.51,551.55,4895.71
,1610,5,11.73,3,7.04,220.58,4878.56
,1611,2,9.15,0,0,64.07,3198.79
,1612,11,22.09,10,20.08,148.57,2640.19
,1613,4,9.08,8,18.16,324.61,1602.62
,1614,2,16.96,3,25.43,1305.64,8707.08
,1615,27,198.34,2,14.69,286.49,4121.06
,1616,43,81.59,40,75.9,865.28,7464.9
,1617,28,62.19,16,35.54,1576.9,6603
,1618,12,65.41,2,10.9,981.19,4175.52
,1619,2,12.18,0,0,541.89,2179.74
,1620,11,48.26,6,26.33,710.78,6471.57
,1621,7,20.65,11,32.44,542.71,2498.23
,1622,1,7.66,1,7.66,214.53,1126.26
,1623,2,17.09,9,76.9,76.9,1649.15
,1624,9,75.37,3,25.12,108.87,2068.5
,1625,3,21.85,3,21.85,276.81,27119.76
,1626,0,0,1,7.44,141.44,2590.64
,1627,1,9.48,1,9.48,237.1,1602.81
,1628,10,21.66,2,4.33,223.06,3101.18
,1629,12,30.18,21,52.81,809.72,5856.61
,1630,2,14.87,2,14.87,208.13,2921.28
,1631,21,17.47,49,40.77,249.62,3942.26
,1632,53,98.08,25,46.26,1622.96,10389.18
,1633,1,5.35,6,32.1,80.24,2086.23
,1634,29,18.38,23,14.58,251.6,5041.57
,1635,0,0,2,15.03,112.75,2322.61
,1636,83,84.72,26,26.54,457.27,5078.95
,1637,6,23.44,11,42.98,269.6,4821.63
,1638,4,27.11,0,0,81.34,3280.91
,1639,0,0,6,16.65,302.47,5236.28
,1640,3,22.62,0,0,173.4,4704.46
,1641,5,31.05,0,0,93.16,3421.94
,1642,12,60.65,12,60.65,161.73,6135.65
,1643,3,18.07,6,36.14,554.08,3860.52
,1644,19,60.12,9,28.48,461.98,4768.53
,1645,2,10.23,1,5.11,659.78,3145.46
,1646,0,0,3,14.22,28.45,1858.44
,1647,5,25.04,6,30.05,661.06,8268.23
,1648,9,62.91,3,20.97,692.02,5647.98
,1649,12,30.97,17,43.88,957.64,4811.44
,1650,24,64.72,21,56.63,447.63,6226.4
,1651,32,61.41,20,38.38,293.63,5903.35
,1652,20,41.11,28,57.56,515.95,7032.15
,1653,4,22.31,5,27.89,278.88,3893.13
,1654,0,0,4,22.46,95.47,1173.76
,1655,27,51.05,9,17.02,521.87,7345.85
,1656,16,86.91,12,65.19,2210.88,12923.03
,1657,82,50.74,61,37.74,1343.3,8405.06
,1658,6,41.65,1,6.94,333.19,2950.16
,1659,28,40.54,34,49.23,1461.01,7997.16
,1660,0,0,1,6.29,339.84,4285.71
,1661,12,37.21,13,40.31,1513.08,7255.36
,1662,10,25.22,19,47.91,398.42,6667.17
,1663,0,0,2,14.97,44.92,1849.22
,1664,4,20.51,2,10.25,446.04,4101.51
,1665,13,86.62,6,39.98,1059.43,8049.04
,1666,2,17.92,0,0,259.79,3878.89
,1667,265,87.05,109,35.8,510.78,5965.75
,1668,1,8.47,2,16.94,635.43,1914.77
,1669,19,32.56,1,1.71,219.36,3689.74
,1670,2,15.46,0,0,69.58,1469
,1671,1,4.65,3,13.96,255.89,2493.72
,1672,3,19.74,2,13.16,243.47,3395.41
,1673,4,26.91,1,6.73,148.02,2354.84
,1674,43,72.45,44,74.13,303.26,4355.15
,1675,6,16.41,11,30.08,246.09,4634.69
,1676,9,29.92,14,46.54,611.64,6867.67
,1677,194,69.14,214,76.26,792.93,9053.65
,1678,4,22.41,5,28.01,336.13,4711.48
,1679,28,60.62,13,28.15,517.46,3570.27
,1680,0,0,1,4.64,65.03,1467.72
,1681,4,26.49,3,19.87,291.41,10404.66
,1682,3,24.66,1,8.22,139.73,2885.09
,1683,83,93.11,24,26.92,1573.82,10452.52
,1684,12,15.81,12,15.81,502.05,8631.03
,1685,14,19.14,16,21.88,604.42,2998.85
,1686,58,128.21,38,84,499.59,9100.96
,1687,131,53.94,338,139.18,1636.75,7621.71
,1688,6,19.37,10,32.29,80.73,2676.96
,1689,22,68.57,20,62.34,377.16,2802.19
,1690,2,16.86,1,8.43,320.4,4460.37
,1691,51,71.6,8,11.23,306.05,2754.42
,1692,50,93.59,16,29.95,2493.17,7681.65
,1693,3,8.16,29,78.92,568.75,5284.79
,1694,92,107.62,59,69.02,2089.28,9898.93
,1695,2,11.17,2,11.17,122.88,4552.31
,1696,2,18.55,3,27.83,194.82,5445.77
,1697,3,22.99,2,15.33,30.66,5180.87
,1698,15,71.36,13,61.85,214.08,7759.28
,1699,103,93.31,29,26.27,430.31,4012.32
,1700,6,42.02,1,7,413.19,5448.56
,1701,61,33.44,95,52.08,430.93,3922.8
,1702,39,53.07,48,65.32,1271.02,8434.49
,1703,7,23.19,7,23.19,483.72,4346.82
,1704,1,6.03,0,0,96.55,3325.09
,1705,6,34.59,1,5.76,570.7,4767.39
,1706,2,12.99,2,12.99,64.94,3987.53
,1707,1,8.27,1,8.27,57.88,983.96
,1708,51,90.74,84,149.46,1368.23,10780.37
,1709,1,9.46,0,0,122.95,1134.97
,1710,24,109.32,12,54.66,264.2,4473.19
,1711,6,43.73,3,21.86,233.22,2973.54
,1712,4,25.15,0,0,591.05,3137.58
,1713,15,76.99,8,41.06,549.22,7365.77
,1714,0,0,2,16.08,64.3,1591.51
,1715,11,13.72,10,12.48,496.56,5910.02
,1716,17,142.21,9,75.29,2451.06,4810.11
,1717,6,19.46,4,12.97,194.55,3842.41
,1718,20,61.6,6,18.48,1678.68,8987.86
,1719,18,27.65,48,73.73,950.76,5320.55
,1720,56,53.59,127,121.53,1308.07,7757.52
,1721,4,20.69,23,118.99,331.11,2612.65
,1722,14,46,3,9.86,1938.43,6814.07
,1723,0,0,1,8.26,627.84,10698.06
,1724,87,44.15,70,35.52,860.21,5422.59
,1725,0,0,0,0,43.5,1822.05
,1726,10,18.32,5,9.16,487.28,5006.5
,1727,30,48.52,63,101.9,1285.83,5130.36
,1728,2,5.52,29,80.06,113.19,2225.17
,1729,0,0,0,0,47.11,2911.52
,1730,2,7.95,0,0,421.34,2857.94
,1731,1,3.49,0,0,296.26,4945.8
,1732,2,11.03,0,0,49.63,1637.81
,1733,6,35.31,0,0,94.16,3842.98
,1734,12,35.04,1,2.92,878.96,4497.01
,1735,4,29.14,3,21.86,480.87,2557.38
,1736,50,41.52,63,52.32,1219.94,5828.13
,1737,4,28.54,1,7.14,827.68,6243.31
,1738,0,0,0,0,111.83,1888.03
,1739,2,13.51,2,13.51,162.1,2512.49
,1740,65,58.01,80,71.4,1448.54,6903.54
,1741,3,28.29,1,9.43,622.29,5921.18
,1742,60,50.09,106,88.49,1218.85,4063.11
,1743,9,49.58,14,77.12,1509.31,11402.45
,1744,6,30.5,8,40.67,213.5,10009.15
,1745,12,50.51,5,21.05,534.6,5880.62
,1746,0,0,0,0,133.14,2135.59
,1747,1,8.85,1,8.85,8.85,1044.06
,1748,43,32.92,65,49.77,591.12,4872.89
,1749,100,122.39,35,42.84,1141.93,9484.24
,1750,16,15.97,114,113.81,491.18,4319.83
,1751,9,51.49,0,0,1590.48,7488.99
,1752,64,69.92,26,28.41,1981.89,16092.17
,1753,26,41.84,35,56.33,996.19,8001.67
,1754,1,8.69,0,0,60.84,2138.2
,1755,100,50.25,220,110.55,1291.41,10191.1
,1756,4,26.84,9,60.38,167.73,9111.04
,1757,1,7.77,2,15.55,583.07,5690.74
,1758,26,32.32,35,43.51,84.54,3252.32
,1759,105,52.6,96,48.09,861.57,6852
,1760,6,49.25,1,8.21,566.36,4399.57
,1761,6,53.65,0,0,89.41,3111.59
,1762,13,36.53,0,0,112.41,2242.52
,1763,517,138.25,246,65.78,1682.47,7349.19
,1764,1,9.22,2,18.43,82.95,1539.17
,1765,37,24.67,64,42.67,721.98,6100.46
,1766,0,0,1,5.35,416.93,3752.41
,1767,0,0,1,6.98,55.84,2450.09
,1768,24,47.64,27,53.6,867.49,8234.24
,1769,3,11.46,13,49.68,366.83,3148.64
,1770,19,121.13,2,12.75,2052.79,7331.38
,1771,6,35.23,1,5.87,399.23,4221.22
,1772,1,7.17,1,7.17,43.01,1791.99
,1773,19,104.61,25,137.64,765.29,6915.16
,1774,5,15.81,0,0,186.52,2045.4
,1775,4,27.05,3,20.29,243.47,3611.52
,1776,8,33.99,1,4.25,229.44,5633.92
,1777,834,168.46,656,132.51,1678.54,6534.58
,1778,87,84.49,56,54.38,1684.94,5183.01
,1779,28,29.46,20,21.04,482.97,5454.72
,1780,0,0,38,64.46,144.2,4906.1
,1781,77,26.34,492,168.33,1091.39,5601.65
,1782,4,12.12,17,51.49,196.89,4810.08
,1783,6,31.53,4,21.02,157.66,3084.93
,1784,0,0,0,0,112.63,788.39
,1785,9,22.59,7,17.57,542.11,4223.97
,1786,3,16.13,4,21.51,279.58,4946.5
,1787,8,12.95,42,68.01,236.43,4516.38
,1788,12,57.53,3,14.38,575.26,5690.32
,1789,12,54.13,2,9.02,460.14,4682.64
,1790,11,14.44,11,14.44,517.18,6195.61
,1791,79,45.31,83,47.61,817.33,7045.06
,1792,25,83.06,30,99.67,1122.96,10319.28
,1793,27,92,9,30.67,1090.36,9138.61
,1794,22,110.26,10,50.12,1047.46,8835.76
,1795,22,53.85,18,44.06,176.25,3732.99
,1796,20,20.83,27,28.11,214.51,4264.07
,1797,16,41.28,47,121.27,864.36,4561.76
,1798,181,41.52,200,45.88,286.27,4465.56
,1799,3,6.16,1,2.05,260.89,5367.71
,1800,0,0,2,12.49,480.89,4352.99
,1801,444,40.9,309,28.46,1097.07,7817.4
,1802,4,22.24,7,38.93,861.93,8013.12
,1803,5,41.25,1,8.25,90.74,2408.84
,1804,0,0,0,0,51.04,1173.9
,1805,5,42.09,0,0,336.7,3661.62
,1806,0,0,0,0,62.03,1036.87
,1807,14,25,16,28.58,1496.64,6797.4
,1808,18,84.57,3,14.1,930.28,4477.54
,1809,2,12.41,3,18.62,155.14,1725.21
,1810,1,8.39,4,33.57,478.35,2618.33
,1811,20,55.63,9,25.03,136.28,4361.01
,1812,8,49.48,7,43.29,408.19,2863.5
,1813,65,103.18,31,49.21,1219.13,11175.31
,1814,23,47.19,21,43.08,369.3,5030.67
,1815,2,14.65,0,0,109.84,3617.46
,1816,18,38.89,8,17.28,200.94,5237.34
,1817,4,5.53,5,6.92,208.93,4426.27
,1818,14,26.97,5,9.63,674.31,3941.82
,1819,11,14.46,6,7.89,76.24,4083.91
,1820,1,4.38,5,21.9,135.76,2583.75
,1821,4,32.51,0,0,463.3,3096.81
,1822,4,21.8,17,92.66,479.67,6230.24
,1823,3,17.31,3,17.31,756.05,5430.83
,1824,17,81.66,0,0,302.61,1681.16
,1825,4,21.72,8,43.44,1026.28,6798.44
,1826,4,35.18,0,0,219.86,2682.26
,1827,25,73.08,2,5.85,742.54,5712.28
,1828,5,43,2,17.2,137.59,1642.45
,1829,39,76.08,32,62.42,462.3,5670.54
,1830,39,76.08,20,39.02,2678.55,12667.04
,1831,2,8.63,6,25.9,189.92,4640.02
,1832,1,4.73,0,0,127.67,1584
,1833,31,67.2,29,62.86,901.76,7318.13
,1834,22,17.7,34,27.35,624.31,2540.67
,1835,62,71.59,33,38.1,952.59,6066.55
,1836,1,7.38,0,0,81.17,2627.11
,1837,7,58.74,5,41.96,243.35,2827.89
,1838,10,39.91,2,7.98,99.77,2913.24
,1839,5,20.35,4,16.28,73.27,2377.37
,1840,0,0,1,2.95,38.38,2323.73
,1841,7,23.77,20,67.91,648.56,6648.56
,1842,13,24.82,27,51.55,234.82,5064.91
,1843,0,0,1,7.43,156.08,1843.18
,1844,2,11.76,2,11.76,488.03,4004.23
,1845,22,27.34,11,13.67,272.13,5197.89
,1846,11,75.17,7,47.83,444.17,7031.57
,1847,7,22.81,6,19.56,404.15,3865.46
,1848,0,0,1,4.46,307.5,5699.9
,1849,4,19.01,5,23.76,822.2,8787.61
,1850,2,8.16,2,8.16,277.57,3188.02
,1851,356,67.01,320,60.23,1399.84,10458.26
,1852,1,8.47,1,8.47,321.82,2879.4
,1853,1,5,9,45.03,40.02,2496.5
,1854,106,80.47,77,58.45,1248.05,5748.3
,1855,4,24.8,2,12.4,130.22,1674.21
,1856,0,0,2,18.07,27.11,2683.9
,1857,3,10.55,4,14.07,432.61,1540.52
,1858,2,16.59,0,0,190.79,4180.84
,1859,9,32.24,0,0,275.83,2314.09
,1860,7,59.71,6,51.18,597.12,6218.54
,1861,4,21.65,2,10.83,422.22,5591.64
,1862,1,4.15,2,8.29,82.93,2550.07
,1863,21,73.9,0,0,700.29,7333.64
,1864,3,15.2,4,20.27,709.29,5314.62
,1865,8,43.72,6,32.79,426.25,2950.98
,1866,2,6.54,0,0,13.07,3555.44
,1867,7,19.54,9,25.12,605.74,3140.35
,1868,1,9.43,0,0,113.2,2546.93
,1869,4,21.43,0,0,353.53,4070.92
,1870,15,129.65,1,8.64,2333.62,7839.24
,1871,30,52.03,1,1.73,180.36,4498.47
,1872,2,9.86,3,14.8,172.63,4655.98
,1873,18,158.69,0,0,1313.59,9503.66
,1874,33,60.08,35,63.72,1691.21,9213.38
,1875,4,14.99,7,26.23,741.91,10532.82
,1876,3,19.13,0,0,216.85,3080.55
,1877,1,7.37,1,7.37,73.73,1946.47
,1878,1,5.07,3,15.22,324.66,2115.36
,1879,1,6.28,2,12.57,43.98,1042.91
,1880,4,29.14,2,14.57,254.93,3678.35
,1881,7,17.72,19,48.11,255.74,3385.32
,1882,7,18.83,16,43.05,492.4,6546.48
,1883,3,7.14,15,35.71,228.53,3601.69
,1884,3,13,5,21.66,485.18,2330.62
,1885,2,9.8,0,0,205.84,2024.11
,1886,1,8.08,5,40.4,234.34,3434.34
,1887,4,14.98,5,18.72,86.12,1748.67
,1888,9,10.01,0,0,640.62,1623.79
,1889,15,59.71,6,23.88,409.98,5835.29
,1890,4,24.37,7,42.64,255.86,5111.18
,1891,8,27.53,20,68.83,1996.15,5427.45
,1892,6,21.95,27,98.76,288.98,7107.32
,1893,6,32.87,2,10.96,372.56,3353.06
,1894,6,26.9,6,26.9,228.66,4183.11
,1895,5,9.46,10,18.92,285.73,5144.94
,1896,1,7.81,0,0,46.85,3817.93
,1897,0,0,0,0,132.87,1992.98
,1898,30,49.46,34,56.06,545.75,7356.84
,1899,4,33.09,2,16.55,124.1,5824.44
,1900,5,13.61,8,21.77,353.83,4654.2
,1901,2,15.71,1,7.85,691.17,5340.87
,1902,19,62.8,20,66.11,918.89,8838.5
NANumber,0,0,0,0,0,0,0
AVG,951.5,27.27076761,36.25609884,30.46635121,32.04057308,583.6948055,4942.323838
MED.,951.5,7,27.08,5,21.03,369.315,4479.66
ST DEV,549.2044246,103.9323455,34.34265265,180.839278,39.57818523,608.2706484,2786.611455
VAR,301625.5,10801.93243,1179.417791,32702.84447,1566.432746,369993.1817,7765203.4
CURT,-1.2,327.372145,11.34243666,530.4772454,18.41984165,5.913723648,5.965695683
VARIABILITY,58%,381%,95%,594%,124%,104%,56%