"","X","rapes","rapesPerPop","arsons","arsonsPerPop","ViolentCrimesPerPop","nonViolPerPop"
"1",1,1,4.25,1,4.25,127.56,1955.95
"2",2,6,16.6,22,60.87,218.59,6167.51
"3",3,10,57.86,87.48,149.4631,306.64,6162.4437
"4",4,64.17,109.8416,5,40.05,1500.54516666667,9988.79
"5",5,77,50.98,134,88.72,442.95,6867.42
"6",6,4,13.53,17,57.5,226.63,1890.88
"7",7,34,55.79,9,14.77,439.73,4909.26
"8",8,35,43.87,8,10.03,115.31,4747.58
"9",9,141,130.69,18,16.68,1544.24,8903.93
"10",10,29,90.25,6,18.67,722.02,7599.9
"11",11,21,77.73,20,74.03,2605.96,8839.53
"12",12,36,78.53,9,19.63,798.39,5508.05
"13",13,59,100.51,46,78.36,1476.93,7371
"14",14,18.6366666666667,68.0732,1,7.31,833.4795,2720.49
"15",15,27.13,67.4182,7,20.66,735.9003,5933.23
"16",16,0,0,7,15.36,89.94,3130.42
"17",17,30,16.72,73,40.7,374.07,4246.34
"18",18,2,13.24,4,26.47,112.5,3540.47
"19",19,146,49.94,97,33.18,772.77,6171.23
"20",20,110.96,65.266,62,102.13,1233.804,3131.33
"21",21,2818,38.5,4443,60.7,2097.71,6164.95
"22",22,9,58.03,5,32.24,644.75,5338.49
"23",23,1,8.07,4,32.27,145.2,5461
"24",24,10,55.52,2,11.1,560.71,5618.16
"25",25,9,29.18,6,19.45,204.23,4869.19
"26",26,2,13.38,1,6.69,347.97,3693.79
"27",27,42,45.1,31,33.29,894.51,7091.62
"28",28,20,145.72,8,58.29,1143.9,9143.9
"29",29,24,86.13,0,0,724.95,4421.48
"30",30,2,17.4,1,8.7,1487.34,4722.97
"31",31,7,4.58,80,52.38,689.42,5948.83
"32",32,3,14.98,12.9,62.7684,49.93,3633.6729
"33",33,0,0,0,0,16.72,919.73
"34",34,14,68.92,0,0,649.83,5764.78
"35",35,4,28.91,13,93.97,346.97,5255.17
"36",36,3,18.38,10,61.28,1770.94,11428.4
"37",37,4,16.15,15,60.58,609.81,4458.44
"38",38,34,76.4,57,128.09,559.55,10379.78
"39",39,1,3.54,0,0,205.56,2810.46
"40",40,43,47.57,44.53,55.1801,512.19,5797.8758
"41",41,7,25.08,19,68.09,734.61,4672.83
"42",42,93,67.5889,60,86.12,1233.6669,6269.29
"43",43,37,66.7,26,46.87,919.33,5227.58
"44",44,7,43.81,9,56.33,682.23,7554.61
"45",45,9,13.15,14,20.45,131.47,2543.13
"46",46,5,20.8,3,12.48,794.41,5939.36
"47",47,1,7.38,8,59.08,420.91,5095.26
"48",48,24.66,46.8888,13,20.18,605.7787,4869.53
"49",49,7.412,35.3782,1,6.05,258.085716666667,3207.26
"50",50,9,41.81,1,4.65,92.91,3121.66
"51",51,8,24.03,14,42.05,1087.25,7394.5
"52",52,2,13.97,0,0,237.45,1948.46
"53",53,16,46.03,3,8.63,212.87,6403.36
"54",54,357,110.19,357,110.19,984.96,7910.25
"55",55,785,51.31,2282,149.17,1279.6,5253.14
"56",56,11,12.82,0,0,256.34,2556.39
"57",57,10,31.02,0,0,142.7,4091.83
"58",58,45,67,50,74.45,753.42,4630.73
"59",59,0,0,5,21.91,122.69,2721.06
"60",60,15,50.34,3,10.07,1849.3,6474.24
"61",61,33,28.5,93,80.33,566.64,5486.7741
"62",62,8.72,34.668,4,15.77,280.762,3012.5
"63",63,2,14.83,4,29.66,51.91,3374.37
"64",64,3,7.91,26,68.59,94.97,3498.22
"65",65,23,102.18,14,62.2,422.05,4567.06
"66",66,15,37.91,13,32.86,452.4,3389.19
"67",67,5,47.34,9,85.21,407.12,3739.82
"68",68,102,59.32,173,100.6,1693.42,6179.34
"69",69,1,7.46,1,7.46,462.24,5956.91
"70",70,37.25,61.6509,39.34,70.9492,681.6347,6093.5648
"71",71,3,13.82,2,9.21,115.14,2160.1
"72",72,4,13.68,1,3.42,78.65,3553.11
"73",73,8,63.04,1,7.88,985.03,4767.53
"74",74,13,14.89,5,5.73,131.68,3715.75
"75",75,9.05,28.8196,3,5.54,258.0708,2395.42
"76",76,26.65,67.7011,9,38.75,593.918,3577.58
"77",77,11,72.14,7,45.9,1134.5,5292.15
"78",78,314,69.78,162,36,969.6,9943.53
"79",79,5,20.94,7,29.31,251.24,3668.03
"80",80,7,57.36,5,40.97,934.12,5735.82
"81",81,31,148.32,9,43.06,377.97,4550.02
"82",82,6,53.92,3,26.96,889.65,2039.9
"83",83,1,5.74,3,17.23,40.21,1654.22
"84",84,41.15,104.5725,7,38.56,1187.8508,8642.72
"85",85,19,51.17,16,43.09,465.96,5063.56
"86",86,1,8.83,0,0,150.04,2338.92
"87",87,0,0,2,16.52,49.56,1032.55
"88",88,22,51.39,0,0,1812.62,3277.2
"89",89,2,11.23,2,11.23,129.13,2094.09
"90",90,479,104.44,604,131.7,1841.38,9577.37
"91",91,10,31.06,6,18.64,301.31,4038.14
"92",92,30,21.6,54,38.87,620.53,5352.95
"93",93,2,11.57,0,0,190.84,3302.11
"94",94,15,22.02,2,2.94,726.59,4174.62
"95",95,0,0,3,22.37,74.56,3183.72
"96",96,7.82,35.3827,6,45.63,323.3067,1961.98
"97",97,2,17,0,0,339.96,3739.59
"98",98,19,37.7,14,27.78,121.02,5247.7
"99",99,130,108.69,134,112.04,2127.02,10988.76
"100",100,4,36.38,2,18.19,809.39,6620.59
"101",101,17.4033333333333,58.20398,1,4.02,1136.8575,6324.43
"102",102,2,9.72,1,4.86,199.2,2992.91
"103",103,5,47.14,1,9.43,1527.29,5317.24
"104",104,1,3.04,3,9.13,85.17,2570.42
"105",105,21,32.38,16,24.67,727.83,4976.1
"106",106,9,42.11,16,74.86,781.32,7265.84
"107",107,0,0,7,39.54,367.13,3885.91
"108",108,19,33.52,10,17.64,155.25,5691.4
"109",109,41,320.61,14,109.48,1634.34,24116.36
"110",110,1,3.81,2,7.61,251.23,2561.76
"111",111,5,14.35,16,45.92,367.33,5934.68
"112",112,3,16.99,1,5.66,560.56,4218.33
"113",113,137,100.91,30,22.1,1981.45,12349.83
"114",114,0,0,1,8.39,83.89,5041.52
"115",115,2,13.29,3,19.93,39.87,6199.75
"116",116,9.11,45.02785,2,19.08,468.0717,3673.66
"117",117,0,0,0,0,60.9,2243.88
"118",118,0,0,2,10.83,70.4,1348.5
"119",119,9,41.98,10,46.64,242.54,6436.57
"120",120,29,67.42,47,109.27,574.24,4296.38
"121",121,7,21.47,8,24.54,288.37,3647.57
"122",122,59,83.45,6,8.49,1497.92,7742.79
"123",123,18.66,57.1838,5,14.39,700.7646,4805.2
"124",124,28,119.98,21,89.99,681.32,7241.72
"125",125,2,16.18,1,8.09,194.19,2330.29
"126",126,8,35.33,7,30.91,185.48,3978.98
"127",127,1773,51.15,5119,147.68,2414.77,6756.86
"128",128,5,37.76,1,7.55,581.57,5188.82
"129",129,0,0,29,178.53,197,2074.61
"130",130,17,61.22,29,104.44,273.7,6766.78
"131",131,17.11,54.0641,13,55.21,576.3592,4272.31
"132",132,5,23.62,9,42.51,240.92,2078.51
"133",133,9,27.82,21,64.92,1085.11,3610.84
"134",134,16,42.82,14,37.46,291.69,2860.66
"135",135,30,40.15,30,40.15,587.55,5753.71
"136",136,1,8.34,0,0,650.49,9215.24
"137",137,4,21.17,6,31.75,465.66,4402.58
"138",138,0,0,0,0,221.64,5411.19
"139",139,12,36.13,37,111.41,216.8,3824.15
"140",140,112,57.16,74,37.76,795.08,7383.29
"141",141,10,70.93,0,0,361.75,7653.57
"142",142,28,163.47,27,157.63,525.42,8762.92
"143",143,22,51.31,2,4.66,1462.29,6068.38
"144",144,1,5.97,1,5.97,89.61,1153
"145",145,49.62,51.2805,35,31.99,785.8662,4960.52
"146",146,40,133.72,31,103.63,227.32,3309.49
"147",147,20,141.32,7,49.46,2649.8,15920.01
"148",148,0,0,1,7.75,46.52,806.39
"149",149,1,6.78,0,0,74.62,4782.25
"150",150,23,40.64,7,12.37,871.02,4621.91
"151",151,1,3.38,6,20.26,185.69,2386.9
"152",152,291.19,107.1672,338,243.28,2386.9099,10343.04
"153",153,18,43.39,19,45.81,1501.93,7502.41
"154",154,14,44.43,4,12.7,1450.47,3980.07
"155",155,11,42.35,37,142.44,2344.56,4180.94
"156",156,8,37.07,0,0,64.88,2335.71
"157",157,9,23.81,0,0,129.64,3463.15
"158",158,16,47.24,17.85,52.6247,345.46,5356.218
"159",159,5,32.6,6,39.12,267.33,2008.22
"160",160,5,40.23,0,0,160.93,3154.17
"161",161,1,3.22,1,3.22,80.5,1236.48
"162",162,2,9.87,4,19.75,399.86,3134.72
"163",163,1,7.67,1,7.67,69,1694.27
"164",164,53,134.07,62,156.83,4877.06,8770.11
"165",165,7,63.69,7,63.69,919.02,9190.17
"166",166,247,85.21,214,73.82,3235.45,12490.6
"167",167,1000,95.96,1324,127.05,1744.19,9015.27
"168",168,6,32.78,0,0,76.49,3999.56
"169",169,45,77.51,31,53.39,339.31,17859.42
"170",170,9,32,19,67.55,807,7341.18
"171",171,7,17.73,1,2.53,932.05,5891.14
"172",172,5,33.58,6,40.29,235.04,4378.48
"173",173,42,53.59,52,66.35,1195.53,7043.06
"174",174,1,4.94,4,19.76,1293.95,9116.95
"175",175,82,92.77,112,126.72,3239.2,8497.95
"176",176,20,48.56,8,19.42,364.19,4681.09
"177",177,6,11.57,11,21.22,179.38,2659.8
"178",178,4,28.91,6,43.37,43.37,3259.85
"179",179,0,0,0,0,161.69,6854.13
"180",180,39,156.97,67.61,153.6258,3268.26,10775.9191
"181",181,0,0,4,33.8,168.99,2729.19
"182",182,2,5.11,16,40.86,178.75,5709.91
"183",183,10,66.14,4,26.46,231.48,4027.78
"184",184,4,12.91,2,6.45,103.28,2149.5
"185",185,20,30.4,41,62.32,203.69,6443.62
"186",186,30,30.33,26,26.28,448.84,7247.12
"187",187,3,24.85,17,140.81,356.17,4472.79
"188",188,2,12.01,0,0,672.35,7311.8
"189",189,6,44.94,9,67.41,981.2,7182.98
"190",190,7,44.38,2,12.68,190.21,2675.63
"191",191,9,40.21,12,53.61,446.77,3471.38
"192",192,1,5.29,1,5.29,31.75,1423.43
"193",193,18,34.42,18,34.42,868.12,4843.49
"194",194,13,15.43,35,41.55,225.56,2945.37
"195",195,200,45.87,243,55.73,1631.98,6595.13
"196",196,23.6,38.6915,14,16.51,516.5866,5198.1
"197",197,12,74.69,7,43.57,1419.06,8956.25
"198",198,28,29.99,23,24.63,519.47,6434.96
"199",199,4,10.27,4,10.27,87.26,3174.56
"200",200,18,19.14,4,4.25,294.6,4176.5
"201",201,1,7.6,0,0,53.2,1968.23
"202",202,9.75,39.8728,9,36.36,337.8716,3470.01
"203",203,8,19.63,10,24.54,282.16,4480.21
"204",204,17,37.19,3,6.56,958.15,6354.87
"205",205,515,110.46,420,90.08,1389.87,9710.83
"206",206,3,25.49,6,50.99,1240.65,5319.51
"207",207,8,38.55,22,106.02,674.67,6809.31
"208",208,2,18.94,2,18.94,161.02,4328.47
"209",209,3,13.67,9,41.02,332.73,4193.25
"210",210,43,99.97,6,13.95,620.71,4840.17
"211",211,45,77.26,38.96,77.8334,442.93,8637.5455
"212",212,2,12.43,12,74.59,372.95,4090
"213",213,6.08183516483516,29.6382078519182,0,0,183.356432652859,2405.2
"214",214,3,22.02,1,7.34,587.33,4977.61
"215",215,0,0,0,0,210.79,3812.33
"216",216,10,41.02,8,32.82,500.47,9463.84
"217",217,0,0,0,0,75.72,1216.94
"218",218,34,66.73,10,19.63,345.45,4100.26
"219",219,11,83.97,13,99.24,1687.02,8763.36
"220",220,29,43.69,21,31.64,394.74,4197.55
"221",221,5,27.45,7,38.44,340.43,5221.83
"222",222,9.18,29.3427,6,15.08,323.2071,2747.06
"223",223,15,76.69,8,40.9,1219.232,8890.59
"224",224,31,47.15,27,41.07,1446.56,5381.64
"225",225,6,19.87,23,76.16,271.52,3533.11
"226",226,8,47.43,0,0,788.52,6474.18
"227",227,20,170.98,1,8.55,393.26,4719.16
"228",228,21,83.96,14,55.97,1783.14,9719.33
"229",229,5,27.52,0,0,77.05,2140.89
"230",230,9,25.31,9,25.31,275.58,4729.9
"231",231,4,22.79,6,34.19,74.08,4348.07
"232",232,11,29.57,1,2.69,400.56,2510.89
"233",233,15,28.84,6,11.54,1357.38,7225.26
"234",234,1,6.26,0,0,56.31,2239.74
"235",235,15.13,62.2772,2,12.67,683.748,4853.32
"236",236,4,28.67,7,50.17,394.21,3168
"237",237,19,44.13,10,23.23,445.94,4287.54
"238",238,0,0,4,26.11,522.13,6363.4
"239",239,2,12.89,0,0,96.69,2604.1
"240",240,10,26.92,18,48.45,293.41,3459.04
"241",241,0,0,1,7.95,71.54,1438.79
"242",242,28.86,91.0645,16,144.69,1124.2918,5453.07
"243",243,3,14.23,0,0,37.95,2334.19
"244",244,11,45.49,3,12.41,516.96,6273.78
"245",245,4,25.4,6,38.1,82.54,4387.58
"246",246,26,101.33,22,85.74,1555.07,5214.75
"247",247,3,11.35,0,0,52.95,1879.8
"248",248,8,21.77,16,43.53,530.57,4674.45
"249",249,48.94,68.1935,85,103.53,1536.8147,7203.5
"250",250,13,77.8,14,83.78,1358.47,10029.92
"251",251,3,18.81,4,25.08,94.07,2966.26
"252",252,2,6.78,1,3.39,88.16,2170.08
"253",253,5,42.8,0,0,316.75,5624.52
"254",254,28,30.95,44,48.63,1267.73,4148.02
"255",255,3,7.81,7,18.21,106.68,2016.5
"256",256,10,32.54,2,6.51,191.96,3702.5
"257",257,6,35.72,12,71.45,142.9,3876.15
"258",258,21,36.09,5,8.59,536.18,6743.54
"259",259,17,89.76,0,0,1678.99,4102.43
"260",260,3,13.92,3,13.92,241.28,2032.29
"261",261,5,33.55,7,46.97,972.89,7722.76
"262",262,2,18.13,0,0,90.65,2085.03
"263",263,3,14.42,6,28.83,1287.84,3061.03
"264",264,7,14.26,5,10.18,136.48,5457.1
"265",265,28,60.3,5,10.77,488.86,5127.6
"266",266,6,41.55,8,55.41,609.46,8899.51
"267",267,14.9,60.4493,5,31.47,555.374,4852.11
"268",268,17,26.33,3,4.65,599.45,5636.7
"269",269,16,81.16,4,20.29,2018.97,6665.65
"270",270,0,0,0,0,33.66,3322.75
"271",271,9,59.12,0,0,216.78,4920.19
"272",272,7,20.76,16,47.44,136.4,2570.87
"273",273,129,84.7,72,47.28,687.49,6957.6
"274",274,1,3.65,5,18.26,91.31,3360.24
"275",275,8.39,32.538,3,10.26,246.5937,2695.95
"276",276,106.62,95.1840000000001,58,40.64,1511.5253,9522.57
"277",277,18,45.89,6,15.3,1664.84,3049.23
"278",278,10,16.04,23,36.89,293.54,4252.35
"279",279,6,15.34,6,15.34,48.58,3809.48
"280",280,12,14.53,1,1.21,283.39,3105.21
"281",281,2,11.21,1,5.61,302.76,2315.54
"282",282,16.99,32.537,19,20.52,528.5708,2639.54
"283",283,1,4.52,26,117.6,918.22,4758.46
"284",284,2,14.41,1,7.2,86.45,3385.92
"285",285,16,66.54,43,178.84,1185.33,8754.78
"286",286,24,28.4,21,24.85,369.24,3235.58
"287",287,18.57,41.6256,10,17.38,525.6904,3238.42
"288",288,10.54,34.0618,5,10.62,319.4735,2743.68
"289",289,23,48.81,5,10.61,2047.92,6650.96
"290",290,19,19.42,27,27.6,266.81,3574.9
"291",291,1,9.4,5,47.02,84.64,3348.07
"292",292,23,70.54,9,27.6,644.09,7560.42
"293",293,29,42.33,14,20.43,458.28,5702.23
"294",294,265,84.5,307.9,111.2934,874.69,8175.9921
"295",295,1,6.99,0,0,160.76,1579.65
"296",296,3,8.44,0,0,258.756298811189,4127.54
"297",297,17,55.72,58,190.11,1379.97,6667.1
"298",298,204,116.06,80,45.52,797.66,9746.54
"299",299,9,21.8,9,21.8,213.14,3415.12
"300",300,0,0,4,22.51,607.8,5183.18
"301",301,31,96.64,38,118.46,2758.9,9695.12
"302",302,8,27.92,7,24.43,342.06,5755.67
"303",303,2,16.18,2,16.18,186.04,6834.91
"304",304,9,15.7,6,10.47,111.67,2364.17
"305",305,45.77,69.1651,84,105.68,1523.6931,7311.89
"306",306,0,0,0,0,353.42,3769.81
"307",307,0,0,7,36.83,1046.93,5808.08
"308",308,5,42.44,13.56,62.413,551.69,6059.3446
"309",309,14,51.45,48,176.41,782.8,5001.84
"310",310,18,77.12,0,0,2523.46,10385.16
"311",311,5,26.46,6,31.75,280.44,1968.36
"312",312,20.55,41.9818,12,21.58,599.4389,4838.22
"313",313,1,7.78,1,7.78,155.62,3906.01
"314",314,1,9.13,0,0,82.15,1579.19
"315",315,58,41.43,50,35.71,1201.33,5823.11
"316",316,8,58.23,3,21.84,291.16,5553.94
"317",317,1,6.85,0,0,185.08,2796.82
"318",318,30,103.62,12,41.45,417.93,5253.52
"319",319,14,23.48,19,31.87,134.19,4198.4
"320",320,2,13.45,0,0,208.53,5596.66
"321",321,0,0,0,0,57.31,1690.74
"322",322,14.18,52.2446,4,10.28,618.5642,4658.46
"323",323,7,28.97,1,4.14,446.95,5466.81
"324",324,4,17.69,7,30.95,154.77,5576.19
"325",325,8,39.04,12,58.55,121.99,3635.21
"326",326,2,7.31,0,0,73.07,1633.06
"327",327,0,0,0,0,65.46,2475.6
"328",328,10,43.89,4,17.56,535.49,5174.91
"329",329,0,0,6,22.62,252.63,2869.42
"330",330,38,63.38,26,43.37,1756.32,8930.03
"331",331,6,26.01,2,8.67,212.45,1634.58
"332",332,1,6.15,0,0,36.89,2391.49
"333",333,16.75,75.5609,5,40.12,1055.7746,6876.35
"334",334,2,7.85,2,7.85,368.76,2032.09
"335",335,27,117.11,22,95.42,1439.97,8245.14
"336",336,4,14.4,9,32.39,273.51,4322.17
"337",337,0,0,0,0,75.52,3295.57
"338",338,2,7.16,0,0,71.56,1703.16
"339",339,0,0,8,51.75,310.48,4482.54
"340",340,1,9.54,13,123.99,152.6,2784.93
"341",341,67,123.32,22,40.49,2105.73,7093.95
"342",342,6,21.44,0,0,368.05,3541.18
"343",343,295,94.43,434,138.93,1933.77,8407.3
"344",344,55,66.47,2,2.42,1363.32,9960.24
"345",345,11,45.96,29,121.17,480.51,5214.56
"346",346,12,13.91,7,8.11,303.72,4529.07
"347",347,1,4.4,1,4.4,206.88,3913.02
"348",348,714.05,102.2211,1219,122.23,1798.9415,9544.8
"349",349,47,85.08,24,43.45,1846.45,10816.24
"350",350,18.77,35.4647,17,28.65,583.5589,4379.92
"351",351,33,58.68,54.47,82.0689,1257.09,7039.6706
"352",352,24,28.07,13,15.2,776.61,6940.35
"353",353,2,8.77,4,17.53,319.99,4436.07
"354",354,28,54.05,13,25.09,1399.48,11091.59
"355",355,0,0,3,22.87,442.24,1921.46
"356",356,0,0,0,0,173.77,2999.82
"357",357,14,69.17,2,9.88,765.85,5850.09
"358",358,1,7.2,2,14.4,182.7745,3879.65
"359",359,4,10.1,8,20.2,111.07,3115.14
"360",360,31,110.26,0,0,1454.74,16628.13
"361",361,57,75.29,81,106.99,2541.38,6879.15
"362",362,89,62.02,43,29.96,987.42,7902.86
"363",363,1,7.08,2,14.17,92.08,2075.36
"364",364,15.58,71.2625,5,45.93,1072.165,6622.58
"365",365,15.13,35.815,13,26.86,453.2428,3481.98
"366",366,52,103.59,8,15.94,1577.75,9695.61
"367",367,20,79.79,3,11.97,1523.92,13751.15
"368",368,7,33.62,0,0,619.51,3424.1
"369",369,0,0,6,10.11,52.25,2326.01
"370",370,167,44.43,164,43.64,1290.43,9258.87
"371",371,45,62.2,15,20.73,1523.3,13032.36
"372",372,26,32.46,25,31.21,288.4,3274.74
"373",373,0,0,0,0,73.23,421.09
"374",374,25,57.78,23,53.16,524.67,6233.68
"375",375,45,71.14,35.79,63.0906,491.66,6913.9798
"376",376,1,5.04,1,5.04,80.61,2377.95
"377",377,29,95.34,24,78.91,2594.03,9360.21
"378",378,27,29.23,28,30.31,1097.77,4261.17
"379",379,507,110.14,419,91.02,1516.12,9393.66
"380",380,1,3.35,0,0,951.3,8119.51
"381",381,2,13.58,10.53,55.5032,373.54,4257.4019
"382",382,4,29.08,3,21.81,189.01,3518.46
"383",383,10,20.53,13,26.68,743.07,5412.89
"384",384,1,3.81,8,30.51,228.86,4519.97
"385",385,0,0,0,0,7.79,116.79
"386",386,7,51.25,7,51.25,995.75,6252.75
"387",387,25,35.2,40,56.32,387.2,4864.62
"388",388,13,39.57,3,9.13,328.75,4069.77
"389",389,6,24.68,3,12.34,1205.17,4972.85
"390",390,7,18.28,5,13.06,509.18,6256.36
"391",391,18.27,51.459,8,25.28,736.6249,5306.57
"392",392,11,30.35,8,22.07,140.72,2579.88
"393",393,18,57.74,17,54.53,878.94,4994.55
"394",394,13,24.9,7,13.41,294.92,3347.5
"395",395,2,14.77,5,36.91,155.04,3521.59
"396",396,18.53,72.2904,4,35.75,591.7457,3038.43
"397",397,4,26.1,22,143.58,202.31,1461.85
"398",398,2,7.87,12.49,54.13635,720.05,6234.1716
"399",399,8,36.29,7,31.75,185.97,1560.37
"400",400,0,0,10,66.84,133.68,4398.1
"401",401,1,8.3,1,8.3,190.95,1992.53
"402",402,2,6.56,1,3.28,62.29,1331.02
"403",403,26,233.58,10,89.84,2650.26,16233.94
"404",404,3,22.54,2,15.03,405.71,7505.63
"405",405,11,35,0,0,264.07,4088.32
"406",406,20,84.41,7,29.54,485.38,8352.68
"407",407,3,14.18,3,14.18,103.96,1960.97
"408",408,3,19.15,9,57.45,1640.6,4857.96
"409",409,4,21.73,1,5.43,217.26,3590.24
"410",410,8,67.74,2,16.94,279.45,4293.34
"411",411,17,38.14,11,24.68,567.54,5334.47
"412",412,75,70.02,33,30.81,269.82,2762.66
"413",413,6.92,29.2172,5,24.1,257.5354,2607.86
"414",414,14,35.52,12,30.45,880.44,5158.33
"415",415,3,20.5,25.86,86.9565,703.74,5152.8138
"416",416,104,98.09,62,58.48,1093.15,8755.56
"417",417,11,86.07,7,54.77,1095.46,8356.81
"418",418,0,0,0,0,178.57,3890.98
"419",419,14.48,42.7351,14,47.04,522.7046,5090.9
"420",420,0,0,4,30.79,138.57,6497.31
"421",421,4,24.25,4,24.25,181.86,2837.05
"422",422,26,30.97,36,42.89,1380.76,4782.04
"423",423,25,41.57,32,53.21,1486.61,8773.3
"424",424,60,96.87,33,53.28,2423.47,9811.74
"425",425,4,11.93,1,2.98,772.3,7242.96
"426",426,3,5.3,10,17.68,758.39,8050.63
"427",427,6,36.12,1,6.02,234.77,5116.78
"428",428,2,17.88,10.02,58.4431,116.21,3733.54
"429",429,28,68.01,15,36.43,699.49,6028.22
"430",430,10,45.92,2,9.18,225.01,7833.95
"431",431,5,36.3,1,7.26,500.94,1989.26
"432",432,4,9.95,6,14.92,106.93,2511.63
"433",433,5,13.66,6,16.4,284.21,2828.41
"434",434,2,14.04,11.6,60.29425,667.04,5340.9637
"435",435,1,5.93,2,11.87,634.79,7937.83
"436",436,0,0,0,0,139.041916119234,2903.56349193559
"437",437,2,9.52,0,0,52.35,1380.23
"438",438,1,5.41,2,10.81,264.97,5531.82
"439",439,15,45.12,16.68,47.9007,339.92,5413.4972
"440",440,1,8.1,4,32.41,81.02,1531.36
"441",441,1,7.01,0,0,140.18,4247.56
"442",442,29,55.04,15,28.47,1195.76,6305.28
"443",443,0,0,1,7.09,63.81,453.77
"444",444,7,25.38,2,7.25,264.67,2472.72
"445",445,2,16.58,2,16.58,99.47,2138.59
"446",446,2,10.32,4,20.64,443.73,5737.58
"447",447,10,47.91,3,14.37,201.24,3085.62
"448",448,9,53.62,2,11.92,208.53,2818.16
"449",449,12,30.65,69,176.23,168.57,4627.88
"450",450,2,7.17,2,7.17,426.57,4262.11
"451",451,0,0,5,41.27,354.96,4424.63
"452",452,0,0,0,0,339.73,4416.49
"453",453,0,0,1,5.94,47.5,2707.68
"454",454,361,48.89,488,66.09,1810.07,7754.23
"455",455,18,40.12,22,49.03,686.47,5304.57
"456",456,18,38.24,26,55.24,220.96,4890.8
"457",457,13,79.42,7,42.76,2089.32,12658.07
"458",458,14.7,66.4265,3,29.01,592.4058,4002.71
"459",459,6,19.14,11,35.08,494.37,2730.2
"460",460,5,8.78,9,15.81,332,4526.77
"461",461,49,56.01,137,156.6,1651.73,10954
"462",462,0,0,4,18.14,9.07,1324.5
"463",463,12,58.73,30,146.83,161.51,5594.17
"464",464,0,0,1,8.42,168.48,2822
"465",465,22,28.84,8,10.49,602.99,4846.24
"466",466,52,65,29,36.25,342.53,4705.35
"467",467,59,54.34,63,58.02,770.88,4328.73
"468",468,36,39.77,10,11.05,157.99,3935.3
"469",469,7,18.71,20,53.45,374.18,6406.52
"470",470,100.84,62.2456,79,41.26,972.3539,6864.2
"471",471,16,138.7,9,78.02,468.1,4776.35
"472",472,9.265,40.0588,3,13.52,305.9707,3168.95
"473",473,12,41.11,3,10.28,352.88,7276.96
"474",474,25,43.02,8,13.77,533.46,5551.44
"475",475,3,26.28,0,0,70.08,2531.53
"476",476,11,13.29,11,13.29,305.77,5248.85
"477",477,12,34.3,17,48.59,122.91,3126.97
"478",478,2,12.85,0,0,571.65,3706.08
"479",479,0,0,4,37.95,47.43,2921.92
"480",480,0,0,2,9.24,9.24,1223.96
"481",481,5,20.77,0,0,1121.64,5014.12
"482",482,3,11.08,1,3.69,195.71,2802.7
"483",483,5,39.05,4,31.24,851.23,5138.62
"484",484,10,42.78,10.53,37.2903,333.66,4912.9903
"485",485,393,77.69,440,86.98,1038.27,6915.98
"486",486,2,19.2,1,9.6,499.33,2669.48
"487",487,0,0,0,0,310.85,1318.76
"488",488,24,56,8,18.67,331.36,3903.95
"489",489,26,32.88,46,58.18,599.49,5782.44
"490",490,4,26.77,1,6.69,260.97,5366.7
"491",491,5,12.1,13,31.45,87.1,2893.5
"492",492,8,19.48,9,21.91,477.21,4535.94
"493",493,4,19.07,3,14.3,290.85,2550.9
"494",494,21,38.35,18,32.87,1073.8,6101.28
"495",495,16.32,70.627,3,21.96,1016.6745,7430.45
"496",496,45,77.83,30,51.89,875.19,6934.07
"497",497,30,41.17,14,19.21,889.17,5763.14
"498",498,0,0,0,0,351.8,775.57
"499",499,4,28.22,3,21.17,536.23,2173.15
"500",500,4,7.86,21,41.25,398.76,4482.6
"501",501,3,11.32,0,0,200.02,1377.51
"502",502,19,48.06,15,37.94,1449.39,10937.42
"503",503,5.42166666666667,24.4154916666667,1,3.26,275.875266666667,1655.37
"504",504,31,78.18,10,25.22,950.75,7159.61
"505",505,30,63.88,19,40.46,1239.22,4682.21
"506",506,3,14.09,7,32.88,103.33,2014.94
"507",507,10,52.71,9,47.44,326.81,5998.63
"508",508,9,24.4,1,2.71,89.45,3588.95
"509",509,1,4,5.14,23.38443,187.87,3519.19194
"510",510,22.54,60.8036000000001,3,9.46,1199.4142,6946.59
"511",511,103,56.93,63,34.82,845.63,5590.56
"512",512,1,6.57,0,0,341.75,900.37
"513",513,2,8.61,1,4.31,103.35,2381.26
"514",514,8,33.94,89,377.61,895.24,5965.46
"515",515,4,22.19,0,0,1647.53,6002.11
"516",516,0,0,0,0,62.14,675.73
"517",517,8,59.96,14,104.92,936.82,8086.64
"518",518,5,39.97,0,0,295.76,3469.22
"519",519,20.42,80.2771,11,47.58,961.6411,8234.94
"520",520,8,29.45,6,22.09,261.4,3700.16
"521",521,3,14.28,3,14.28,114.23,1975.16
"522",522,11,73.71,25,167.52,683.46,4670.33
"523",523,19,22.4,33,38.9,544.59,4062
"524",524,14,36.6,35,91.49,1280.84,4561.38
"525",525,26,73.4,75,211.74,1428.53,6575.2
"526",526,8,58.06,3,21.77,137.89,2590.9
"527",527,3,24.93,0,0,1329.57,5675.59
"528",528,1,5.29,0,0,116.35,3601.46
"529",529,17,19.83,48,56,423.52,4252.66
"530",530,0,0,0,0,210.18,1719.69
"531",531,11,24.24,7,15.43,152.07,3321.36
"532",532,66,87.51,23,30.5,690.79,7070.97
"533",533,480,87.16,437,99.0895,1968.89,8969.5524
"534",534,5,24.55,18,88.37,122.74,4217.19
"535",535,4,14.32,1,3.58,53.7,1908.07
"536",536,8,64.75,5,40.47,493.73,9307.97
"537",537,20,31.69,5,7.92,815.98,3669.55
"538",538,10,15.12,21,31.75,411.23,6018.78
"539",539,7,25.27,3,10.83,322.6761,2480.23
"540",540,99,50.47,56,28.55,321.68,5118.88
"541",541,2,17.7,1,8.85,1300.88,4699.12
"542",542,19.52,45.1398,14,34.42,610.3172,5030.12
"543",543,4,35.61,4,35.61,80.12,3071.31
"544",544,33.4,73.8319,22,92.68,737.7879,5906.14
"545",545,8.2906043956044,43.9876788239538,0,0,711.14083,4261.51
"546",546,2,5.74,5,14.35,421.75,3534.64
"547",547,1,8.29,0,0,66.33,3523.75
"548",548,27,117.73,0,0,1874.95,14131.86
"549",549,42,39.31,23,21.53,1311.2,7568.62
"550",550,7,40.88,5,29.2,292,3071.89
"551",551,87,92.99,0,0,1130.86,3814.79
"552",552,8.71333333333333,42.07215,2,12.62,274.6732,2833.17
"553",553,78,56.11,113,81.29,1571.14,6672.33
"554",554,36,123.33,11,37.68,887.29,7276.46
"555",555,2,9.39,9.63,47.3723,65.71,3384.5785
"556",556,3,25.97,1,8.66,207.79,2839.83
"557",557,1,5.71,2,11.43,51.42,2205.46
"558",558,2,19.31,1,9.65,241.31,4662.16
"559",559,79,75.77,42,40.28,1333.23,4883.08
"560",560,11,84.5,5,38.41,944.85,11622.37
"561",561,4,28.93,1,7.23,108.49,3681.47
"562",562,13.67,57.3082,5,26.33,681.0289,5224.08
"563",563,3,25.61,4,34.14,1724.14,12666.44
"564",564,4,24.45,10,61.12,61.12,2573.19
"565",565,2,15.59,0,0,179.32,2541.71
"566",566,11,78.1,4,28.4,198.79,4195.95
"567",567,11.79,29.8022,17,42.33,285.637,3072.56
"568",568,12,66.79,15,83.49,322.81,7446.99
"569",569,1,8.88,4,35.52,124.32,5834.3
"570",570,1,8.49,1,8.49,84.88,3140.65
"571",571,7,54.14,3,23.2,170.15,3480.28
"572",572,0,0,0,0,74.96,2657
"573",573,32,37.37,41,47.88,223.06,5492.49
"574",574,0,0,3,25.83,103.33,5967.45
"575",575,11,52.95,5,24.07,245.51,4178.5
"576",576,5,44.87,0,0,358.97,4549.94
"577",577,3,8.97,1,2.99,505.1,1736.45
"578",578,13,62.32,20.14,81.3041,551.32,5925.218
"579",579,9,29.71,34,112.25,997.03,6857.05
"580",580,1,9.52,1,9.52,295.04,2217.57
"581",581,7,20.83,9,26.78,151.78,4264.75
"582",582,2,6.15,0,0,64.61,4335.25
"583",583,177,77.28,158,68.99,2978.69,13039.07
"584",584,10.9833333333333,45.1744333333333,3,13.05,380.26125,3842.47
"585",585,9,49.3,2,10.96,158.85,4015.12
"586",586,7,49.15,0,0,1390.25,6593.18
"587",587,9.36,42.086,2,8.96,267.5583,3293.16
"588",588,12,51.82,7,30.23,133.87,2996.93
"589",589,8,52.97,0,0,1483.15,5038.73
"590",590,8,47.15,3,17.68,724.94,5216.01
"591",591,25,69.26,15,41.56,872.72,11109.88
"592",592,3,15.26,16,81.37,300.04,3951.38
"593",593,19,64.32,1,3.39,744.75,3930.26
"594",594,0,0,3,25.93,267.96,4295.96
"595",595,9.76,49.2529,2,16.25,302.5548,3194.08
"596",596,19,62.77,3,9.91,1318.22,7522.8
"597",597,0,0,4,29.46,198.88,1996.17
"598",598,3,12.83,3,12.83,72.71,2993.76
"599",599,2,8.18,9,36.79,102.2,2959.81
"600",600,3,24.08,8.74,53.5317,88.3,3141.6534
"601",601,68,61.46,60,54.23,2078.85,5569.51
"602",602,1,6.95,6,41.69,62.53,5822.68
"603",603,1,4.64,0,0,427.27,4230.91
"604",604,4,16.02,47,188.27,348.5,3633.23
"605",605,20,77.9,21,81.8,1336.03,10571.42
"606",606,62,59.88,9,8.69,435.6,4114.51
"607",607,1,7.29,1,7.29,196.79,4810.5
"608",608,339,89.88,249,66.02,1304.78,6544.31
"609",609,8,16.31,3,6.11,313.89,2631.36
"610",610,9,26.22,0,0,1678.08,4253.46
"611",611,2,11.19,0,0,151.13,1354.53
"612",612,3,7.48,1,2.49,184.39,2554.01
"613",613,3,16.65,2,11.1,127.65,3446.55
"614",614,4,21.14,18,95.15,375.3,5079.82
"615",615,33,33.62,28,28.53,223.14,5388.97
"616",616,3,8.74,2,5.82,58.24,1243.34
"617",617,12,88.53,4,29.51,1032.91,5267.82
"618",618,0,0,0,0,566.68,2172.27
"619",619,17,97.27,19,108.71,457.72,8759.58
"620",620,10,92.17,0,0,645.16,1004.61
"621",621,4,27.37,13,88.94,485.77,6499.73
"622",622,0,0,1,8.05,209.22,1335.8
"623",623,2,18.73,1,9.36,280.93,11021.63
"624",624,2,11.48,8,45.93,281.32,4638.88
"625",625,2,14.27,2,14.27,99.9,1705.44
"626",626,8,25.07,14,43.88,316.55,6255.88
"627",627,1,8.47,2,16.95,355.9,1491.4
"628",628,1,4.97,1,4.97,29.8,1217.03
"629",629,0,0,12,83.73,286.09,4340.24
"630",630,0,0,2,8.04,44.22,2235.18
"631",631,3.29098259910025,14.2729775556112,0,0,161.558504771124,1960.9
"632",632,81,56.02,389,269.03,1627.33,5693.22
"633",633,8,23.99,6,18,110.97,4975.71
"634",634,40,82.84,24,49.71,816.02,6677.3
"635",635,6.71,40.4859,3,25.16,331.177525,2306.66
"636",636,0,0,0,0,138.91,2241.7
"637",637,4,35.55,1,8.89,177.73,5936.19
"638",638,2,14.28,0,0,585.46,6568.61
"639",639,13.6,35.4411,17,48.96,393.5452,3591.18
"640",640,215,118.9,174,96.23,3255.71,12364.16
"641",641,5,26.63,10,53.27,591.24,7995.1
"642",642,11,33.8,19,58.38,577.61,8249.35
"643",643,7,49.28,1,7.04,288.65,2970.99
"644",644,24,118.01,12,59,1607.83,11977.58
"645",645,39,64.56,34.08,56.8293,736.68,5979.3732
"646",646,23,49.58,39,84.06,581.98,5701.29
"647",647,3,19.13,1,6.38,44.64,4591.25
"648",648,1,8.34,0,0,141.75,3985.66
"649",649,98,144.36,11,16.2,2264.09,11491.32
"650",650,28,51.55,13,23.93,1818.82,10855.84
"651",651,9,14.85,17,28.04,138.56,3294.13
"652",652,7,30.73,0,0,122.9,3256.96
"653",653,4,20.24,3,15.18,75.88,1365.91
"654",654,1,7.92,0,0,324.52,2857.37
"655",655,2,18.2,7,63.69,1264.79,5996.36
"656",656,3,8.36,7,19.5,559.86,5439.81
"657",657,0,0,0,0,21.66,2642.98
"658",658,3,16.46,13.6,66.37495,389.55,5295.3774
"659",659,1,7.24,0,0,188.13,1960.93
"660",660,1,7.7,4,30.81,169.44,5460.57
"661",661,173,88.66,145,74.31,1424.74,11722.35
"662",662,17,39.25,12,27.71,658.05,4167.63
"663",663,0,0,2,12.67,82.38,1907.48
"664",664,4,26.21,3,19.66,281.76,2974.9
"665",665,4,16.62,14.94,65.08555,374.05,4608.7836
"666",666,9,35.97,1,4,623.55,4592.69
"667",667,269,150.01,260,144.99,1629.43,9465.95
"668",668,25,35.8,29,41.52,904.94,7150.73
"669",669,4,30.79,0,0,153.93,2285.85
"670",670,3,19.83,0,0,198.28,4586.91
"671",671,11,76.68,1,6.97,223.06,4642.41
"672",672,13,57.59,0,0,699.98,7323.23
"673",673,1,7.93,2,15.86,71.35,4043.13
"674",674,7,14.09,4,8.05,366.34,5410.63
"675",675,19,79.5,2,8.37,292.91,4946.02
"676",676,7.27,43.9821,1,7.55,287.6338,3511.82
"677",677,3,21.07,0,0,252.9,5212.5
"678",678,8,36.83,14.43,51.6956,626.09,6357.65723333333
"679",679,0,0,2,13.86,408.98,4817.69
"680",680,6,21.17,11,38.81,105.84,2007.34
"681",681,5,38.28,6,45.94,145.47,2802.24
"682",682,18,32.02,4,7.12,327.36,4109.74
"683",683,0,0,3,17.49,99.13,1737.61
"684",684,5,7.01,1,1.4,68.68,1572.73
"685",685,10,20.45,24,49.09,560.45,5700.67
"686",686,281,47.61,461,78.11,1035.05,6961.87
"687",687,2,12.93,0,0,303.91,2289.04
"688",688,12,35.21,10,29.34,534.04,3060.45
"689",689,3,21.53,0,0,674.75,1636.64
"690",690,14,89.06,4,25.45,1278.63,8396.95
"691",691,12,75.49,18,113.24,509.56,4479.11
"692",692,0,0,1,4,151.91,1791
"693",693,1,8.77,1,8.77,70.19,3272.79
"694",694,2,10.77,2,10.77,350.03,5885.84
"695",695,4,20.61,4,20.61,159.72,2313.36
"696",696,36,100.23,7,19.49,860.27,6584.26
"697",697,31,51.04,24,39.52,321.08,6885.88
"698",698,4,18.23,16,72.94,989.2,5875.92
"699",699,7,38.13,7,38.13,403.14,5431.47
"700",700,1,8.11,6,48.69,592.34,5201.23
"701",701,10.04,44.5651,2,13.13,343.1181,3295.26
"702",702,5,42.17,7,59.04,101.21,3500.34
"703",703,1,8.36,1,8.36,83.56,2105.79
"704",704,1,3.4,3,10.21,125.96,2995.85
"705",705,129,70.63,144,78.85,3047.66,9248.11
"706",706,26,75.11,20,57.78,2507.51,9827.83
"707",707,159,68.91,348,150.81,1171.84,10038.61
"708",708,34,38.71,10,11.39,230,4965.56
"709",709,1,3.71,25,92.69,140.88,2828.75
"710",710,5,45.5,7,63.69,282.07,5050.05
"711",711,49,50.74,166,171.88,1274.62,7762.64
"712",712,22,69.83,5,15.87,384.08,2482.22
"713",713,21,34.02,21,34.02,933.19,7180.35
"714",714,8,40.25,11,55.34,1232.52,7787.5
"715",715,9,40.09,7,31.18,445.41,4164.63
"716",716,0,0,0,0,58.37,1916.34
"717",717,65,66.73,66,67.75,1565.55,8078.23
"718",718,94,39.02,29,12.04,842.7,5502.07
"719",719,1,6.72,1,6.72,53.73,4103.43
"720",720,90,108.05,306,367.36,3530.78,12109.83
"721",721,1,6.64,0,0,6.64,1592.89
"722",722,45,42.78,74,70.35,1318.6,4576.61
"723",723,6,30.4,5,25.34,91.21,2153.53
"724",724,271,53.98,610,121.51,599.78,9773.95
"725",725,3,5.1,20,33.99,141.06,2659.71
"726",726,9,49.29,10,54.76,657.14,6149.72
"727",727,77,46.3,120.01,71.9915,1151.3702,6359.9113
"728",728,19,81.83,3,12.92,2885.57,5977.86
"729",729,3,24.22,1,8.07,750.73,2542.78
"730",730,9,45.73,0,0,985.82,4019.51
"731",731,7,25.5,11,40.08,142.09,4080.44
"732",732,0,0,1,8.98,98.73,1337.28
"733",733,3,14.91,47.34,122.6746,1441.78,6496.1397
"734",734,2,17.66,7,61.81,105.96,5792.49
"735",735,32,32.78,57,58.39,578.8,5007.38
"736",736,515,115.59,527,118.28,2460.11,10039.52
"737",737,9,24.28,19,52.3008,607.03,5918.0733
"738",738,8,40.1,15,75.18,205.49,5117.28
"739",739,33,32.59,21,20.74,1174.32,4015.8
"740",740,34,18.56,89,48.59,737.62,4494.53
"741",741,21,31.14,7,10.38,360.34,5492.62
"742",742,6.32,35.4892,3,22.32,367.96995,2209.49
"743",743,4,24.85,6,37.27,105.6,3217.59
"744",744,22,19.72,50,44.83,305.72,2631.37
"745",745,26.37,69.8593,9,26.96,876.3745,6203.2
"746",746,18,99.5,0,0,2089.44,9833.62
"747",747,20,43.66,12,26.2,1477.94,7734.63
"748",748,391,47.52,318,38.65,646.17,3857.83
"749",749,2,15.35,2,15.35,130.44,2654.8
"750",750,4,10.05,0,0,190.95,2756.14
"751",751,1,2.93,14.74,65.543875,383.57,4728.6794
"752",752,50,135.2,14,37.86,816.61,6800.61
"753",753,0,0,6,21.05,105.23,1918.69
"754",754,5,31.4,3,18.84,583.99,3679.75
"755",755,3,10.91,9,32.74,865.9,2670.45
"756",756,9,53.34,1,5.93,349.65,3662.44
"757",757,4,21.49,3,16.12,161.19,3868.68
"758",758,0,0,1,8.37,92.04,1773.91
"759",759,3,19.63,9.22,49.6414,26.17,2835.8212
"760",760,42,91.64,10,21.82,3414.57,11646.63
"761",761,3,20.3,3,20.3,155.67,2260.58
"762",762,10.2233333333333,43.54105,2,9.11,297.328,3748.06
"763",763,5,14.64,8,23.43,676.45,5294.44
"764",764,356,65.42,389,71.49,1787.2,7428.52
"765",765,2,15.29,8,61.15,68.8,3730.32
"766",766,5,15.9,16,50.89,728.37,5655.22
"767",767,154,99.59,96,62.08,1960.67,8666.52
"768",768,4,30.18,1,7.54,286.66,4277.31
"769",769,0,0,5,15.9,216.2,3634.11
"770",770,0,0,2,14.39,86.34,3144.34
"771",771,3,8.43,4,11.24,137.66,2778.4
"772",772,0,0,7,47.58,20.39,1549.65
"773",773,3,17.55,3,17.55,988.71,2983.68
"774",774,3,18.75,0,0,393.73,3049.81
"775",775,42,219.67,10,52.3,564.85,4979.08
"776",776,4,25.08,7,43.9,363.7,2627.45
"777",777,0,0,0,0,116.1,1736.87
"778",778,4,16.17,4,16.17,80.84,1240.86
"779",779,1,6.86,1,6.86,260.79,4879.56
"780",780,6,12.48,8.75,24.5805333333333,166.4,3618.5251
"781",781,34.34,101.5517,5,34.86,2260.38506666667,14440.11
"782",782,4,16.85,2,8.42,724.52,9448.19
"783",783,298,60.62,420.79,97.1615,2038.98,7602.2455
"784",784,36,107.36,76.89,124.8431,2982.31,9964.3549
"785",785,9,15.46,2,3.44,893.29,4078.2
"786",786,28,27.89,46,45.82,514.99,3743.36
"787",787,12,48.58,33,133.61,708.53,5299.81
"788",788,3,11.66,0,0,69.94,2121.46
"789",789,13,21.1,21,34.09,160.72,3298.75
"790",790,15.01,60.1084,14,72.17,633.105,6088.26
"791",791,6,10.77,11,19.75,441.72,2813.69
"792",792,122,59.18,52,25.23,1076.95,7955.35
"793",793,8.005,42.5786333333333,1,4.95,254.6972,2907.96
"794",794,40,85.24,70.48,118.4969,2186.47,9429.3615
"795",795,9,51.02,13.3,52.524,136.06,5001.2105
"796",796,9,12.83,25,35.64,64.14,3807.28
"797",797,15.73,44.1042,13,30.4,529.402,5240.51
"798",798,13,97.93,2,15.07,851.22,6410.55
"799",799,3,15.5,8,41.34,242.89,4382.43
"800",800,2,15.87,5,39.69,103.18,1690.61
"801",801,94,89.99,13,12.45,2109.96,9737.98
"802",802,17,28.06,29,47.87,402.75,4874.22
"803",803,7.65,37.8396,7,41.89,305.8721,3482.74
"804",804,7,38.78,0,0,559.59,4770.35
"805",805,12,18.55,12,18.55,265.95,5201.39
"806",806,9,47.69,8,42.39,1012.03,7900.17
"807",807,10.11,55.6162,2,16.91,398.281,4083.88
"808",808,658,103.02,1029,161.1,1118.78,7860.14
"809",809,22,41.31,30,56.34,572.76,4499.45
"810",810,8,64.42,6,48.32,2584.96,13802.54
"811",811,23.66,97.0757,7,61.68,1012.3062,5340.15
"812",812,2,10.24,2,10.24,450.38,4601.05
"813",813,55,37.52,56,38.2,984.34,4941.47
"814",814,8,63,0,0,259.88,3016.22
"815",815,10,41.61,7,29.12,711.46,7368.42
"816",816,2,18.97,1,9.48,749.31,12349.43
"817",817,13,38.66,7,20.82,514.53,3967.52
"818",818,1109,63.94,1549,89.31,1341.1112,6784.1
"819",819,1,3.91,0,0,273.42,4886.34
"820",820,10,52.68,7,36.88,489.94,11189.55
"821",821,1,1.86,0,0,57.79,2464.39
"822",822,27,28.77,21,22.38,985.62,5843.37
"823",823,3,21.62,5,36.03,259.44,4533.01
"824",824,1,3.49,1,3.49,101.26,1386.17
"825",825,21,30.05,1,1.43,728.32,6652.17
"826",826,13,80.66,1,6.2,254.39,3623.5
"827",827,9,42.31,0,0,239.75,2848.82
"828",828,0,0,6.03864035087719,25.8282282608696,34.98,2515.29619808612
"829",829,2,18.59,0,0,55.76,2090.88
"830",830,668,93.79,545,76.52,3081.26,9901.59
"831",831,8,35.32,9,39.73,909.37,7323.53
"832",832,5,23.98,5,23.98,105.5,3879.54
"833",833,22.98,33.6621,26,31.83,663.6013,4158.25
"834",834,28,28.84,20,20.6,739.5,11503.4
"835",835,33,81.73,8,19.81,321.96,6939.42
"836",836,1,1.84,4,7.38,202.956163636364,3813.53
"837",837,1,7.51,1,7.51,15.03,1059.59
"838",838,3,10.78,8,28.74,441.95,4915.38
"839",839,5,15.75,9,28.36,1726.58,5293.17
"840",840,5,8.09,23,37.21,144,2103.36
"841",841,3,6.56,5,10.93,373.88,4309.42
"842",842,21,74.82,3,10.69,1304.02,6160.26
"843",843,19.02,62.5235,4,15.46,940.6408,5755.48
"844",844,10.47,29.8734,11,23.11,437.2075,2604.66
"845",845,6,21.8,1,3.63,232.55,2405.44
"846",846,35,65.36,44,82.17,524.76,8117.95
"847",847,22,48.08,18,39.34,439.29,6521.55
"848",848,3,14.93,7,34.84,154.31,4514.91
"849",849,6,51.51,2,17.17,171.7,2841.69
"850",850,5,32.36,1,6.47,271.86,6964.85
"851",851,75,77.35,28,28.88,2169.92,5011.24
"852",852,11,38.88,14,49.49,1124.03,9154.85
"853",853,8,29.18,1,3.65,255.32,3490.54
"854",854,6.36,29.6679,5,25.11,322.3013,2024.21
"855",855,31,138.62,23,102.85,2209.01,11255.2
"856",856,5,49.07,3,29.44,2119.93,13023.85
"857",857,10,27.59,2,5.52,331.04,5892.58
"858",858,6,48.83,9,73.24,1000.98,6331.38
"859",859,11,57.85,5,26.3,99.93,3355.42
"860",860,2,13.4,0,0,247.89,2994.77
"861",861,22,27.56,29,36.33,987.28,5192.01
"862",862,7.65722444222444,34.1454138042992,0,0,220.817654497355,2439.98
"863",863,0,0,2,15.04,45.13,2858.43
"864",864,0,0,1,7.23,354.46,4730.9
"865",865,6,18.84,19,59.67,1884.24,9160.57
"866",866,16,30.41,22,41.81,309.78,2708.2
"867",867,11,45.17,6,24.64,332.61,3646.37
"868",868,2.66551948051948,13.38819,1,7.47,179.753362380952,1345.39
"869",869,17.18,60.2343,6,31.58,663.0488,5232.13
"870",870,3,16.24,8,43.3,167.79,3112.31
"871",871,7,16.55,10.02,28.7345,208.03,4073.0382
"872",872,5,18.87,4,15.09,264.12,7399.16
"873",873,3,12.84,0,0,106.98,1377.95
"874",874,2,16.59,3,24.88,348.32,5382.32
"875",875,7,26.38,0,0,286.4,3764.7
"876",876,8,62.56,6,46.92,742.94,5802.77
"877",877,11,27.18,8,19.77,353.39,2444.09
"878",878,2,10.78,11,59.31,803.36,5154.47
"879",879,0,0,1,7.72,84.88,2253.09
"880",880,1,4.23,8,33.83,346.72,6054.97
"881",881,725,117.13,585,94.51,1633.81,8501.39
"882",882,5,25.22,4,20.18,786.89,2133.67
"883",883,3,22.53,5,37.55,360.5,6023.28
"884",884,16,42.39,18,47.69,267.59,3799.28
"885",885,3,15.83,5,26.38,538.17,5550.57
"886",886,4,31.73,5,39.66,499.72,8043.15
"887",887,9.10333333333333,43.90505,3,17.6,364.14155,3496.83
"888",888,6,34.04,6,34.04,198.58,6683.69
"889",889,16,22.04,12,16.53,410.47,3629.48
"890",890,5,21.63,2,8.65,1276.17,4771.59
"891",891,2,5.29,9,23.81,58.2,2084.49
"892",892,0,0,0,0,143.18,1988.55
"893",893,63.56,58.1658,86,71.51,1156.7975,6197.61
"894",894,4,12.9,4,12.9,206.47,3229.34
"895",895,18,30.05,55,91.82,1644.35,7692.56
"896",896,9,73.53,3,24.51,1282.68,8545.75
"897",897,5,8.92,10,17.84,194.49,3855.9
"898",898,4,30.14,0,0,97.97,2449.13
"899",899,7,32.41,1,4.63,541.74,5922.12
"900",900,4,33.21,1,8.3,838.59,9407.17
"901",901,30,128.6,8,34.29,3364.91,14008.32
"902",902,7,23.69,57,192.93,700.63,3604.67
"903",903,16,18.11,17,19.24,320.3,4810.2
"904",904,14,37.57,37,99.29,880.21,9164.34
"905",905,6,33.84,9,50.77,428.7,4078.29
"906",906,12.85,70.195,3,26.79,753.2367,5759.96
"907",907,5.46447152847153,24.8190911228629,0,0,224.046269833492,2064.9
"908",908,39,58.86,8,12.07,774.19,6688.5
"909",909,51,45.28,29,25.75,581.49,5835.3
"910",910,4,22.63,2,11.31,503.48,6579.17
"911",911,3,12.87,3,12.87,111.56,4376.74
"912",912,9,73.81,3,24.6,459.24,3345.91
"913",913,12,38.84,23,74.45,233.06,4017.09
"914",914,5,37.07,3,22.24,378.11,3024.91
"915",915,4,10.74,8,21.48,217.44,4225.28
"916",916,18.28,45.7347,23,58.3,727.4209,5842.69
"917",917,5,37.21,9.12,45.779,238.15,4235.56305
"918",918,15,15.53,16,16.57,453.49,3505.76
"919",919,0,0,0,0,27.66,1069.52
"920",920,42.88,124.2921,18,127.7,2312.958,12061.01
"921",921,1,8.39,3,25.16,377.36,4293.5
"922",922,12,9.5,38,30.1,111.68,3520.65
"923",923,2,12.31,1,6.16,215.44,5884.53
"924",924,18,44.25,17,41.79,1214.45,6534.41
"925",925,2,8.14,4,16.28,174.98,3316.51
"926",926,16,14.89,24,22.33,237.24,2453.34
"927",927,5.25,22.7703,2,4.98,238.6931,1546.43
"928",928,1,4.13,0,0,78.56,1649.71
"929",929,2,4.28,0,0,529.02,3452.56
"930",930,10,92.6,18,166.68,1444.58,6982.13
"931",931,9,41.68,5,23.16,926.23,6080.67
"932",932,1,5.61,0,0,61.66,1154.71
"933",933,2,14.1,0,0,155.09,2629.54
"934",934,8,22.22,5,13.89,433.21,5695.64
"935",935,3,14.78,3,14.78,88.69,2049.66
"936",936,0,0,1,3.91,11.72,917.97
"937",937,35,62.43,6,10.7,285.38,3708.2
"938",938,54,87.24,8,12.92,827.14,6242.33
"939",939,5,43.58,1,8.72,278.92,5308.11
"940",940,0,0,3,118.16,2008.66,14021.27
"941",941,3,13.65,2,9.1,450.45,4659.2
"942",942,20,76.25,24,91.5,236.38,4373.02
"943",943,1,7.36,0,0,368.19,751.1
"944",944,11,60.13,0,0,825.36,7165.89
"945",945,0,0,2,7.8,39.02,1342.18
"946",946,2,6.68,1,3.34,624.31,2670.85
"947",947,84,42.97,233,119.19,461.42,7589.33
"948",948,6,19.96,4,13.31,123.1,3396.77
"949",949,34.63,68.4724,13,16.2,844.1637,6927.24
"950",950,4,27.65,4,27.65,214.31,2468.03
"951",951,1,1.66,9,14.96,225.99,3845.13
"952",952,8.51,35.19215,4,18.34,363.52615,3553.58
"953",953,6,40.21,4,26.81,134.03,3752.85
"954",954,7.92,33.8558,4,17.31,353.34645,3029.39
"955",955,19,31.97,18,30.29,395.44,4073.84
"956",956,5,18.21,7,25.5,284.14,3508.07
"957",957,8,52.16,0,0,508.57,2549.39
"958",958,6,50.83,0,0,118.6,2685.53
"959",959,4,30.37,2,15.19,258.16,5011.39
"960",960,1,8.5,6.12,26.734,25.51,2829.76785
"961",961,0,0,3,18.65,478.65,5613.23
"962",962,17,31.52,16,29.67,904.83,3982.72
"963",963,5,31.34,7,43.88,532.85,4783.1
"964",964,0,0,1,8.2,24.59,696.61
"965",965,14,42.96,2,6.14,589.14,7149.43
"966",966,44,32.63,51,37.82,1280.74,5938.71
"967",967,15,53.87,22,79.01,506.39,3541.16
"968",968,2,9.81,21.15,67.04305,853.28,6913.6818
"969",969,0,0,0,0,123.17,5166.28
"970",970,1,8.96,1,8.96,456.87,1702.05
"971",971,5,47.29,1,9.46,397.28,4048.43
"972",972,12,65.47,4,21.82,1964.1,12766.65
"973",973,29,67.62,73,170.22,1587.93,8580.89
"974",974,3,17.21,0,0,45.89,3092.01
"975",975,5,30.13,1,6.03,391.64,4295.96
"976",976,19,37.07,26,50.73,345.37,5715.12
"977",977,111,34.19,86,26.49,719.23,6744.72
"978",978,3,20.37,0,0,312.39,2159.59
"979",979,3.89666666666667,22.7329133333333,1,7.64,172.54586,2122.79
"980",980,14.92,71.2667,2,16.68,680.1031,5862.24
"981",981,8,36.19,6,27.15,389.09,4569.52
"982",982,5,8.9,21,37.38,377.37,3809.32
"983",983,2,19.1,3,28.65,257.86,1537.58
"984",984,2,10.24,11,56.34,962.82,10739.53
"985",985,0,0,6,25.8,124.69,1835.93
"986",986,49,34.74,73,51.76,455.92,5054.1
"987",987,1,6.67,4.98,21.37575,93.44,2951.6153
"988",988,23,49.71,0,0,3834.1,8997.38
"989",989,42.21,58.2844000000001,41,59.49,797.461699999999,6260.61
"990",990,0,0,0,0,36.91,3617.57
"991",991,212,83.63,105,41.42,872.98,5535.31
"992",992,67,39.88,45,26.78,401.73,6063.49
"993",993,20,76.72,7,26.85,1331.08,4814.15
"994",994,0,0,0,0,31.51,992.67
"995",995,39,99.49,20,51.02,1153.03,7048.29
"996",996,6,21.87,9,32.8,127.57,4516.13
"997",997,50,48.58,52,50.52,869.6,7573.77
"998",998,3,17.96,1,5.99,173.57,2735.22
"999",999,8,24.28,4,12.14,203.33,3842.07
"1000",1000,21,90.47,18,77.55,1391.58,12127.87
"1001",1001,1,8.17,11,89.92,384.21,2542.3
"1002",1002,1,2.75,2,5.5,27.49,1836.38
"1003",1003,23,59.63,17,44.07,956.68,8241.94
"1004",1004,46,125.16,102,277.54,3583.48,27010.77
"1005",1005,12,20.42,33,56.15,345.39,5361.21
"1006",1006,7,29.81,10,42.58,711.12,5344.06
"1007",1007,2,17.12,0,0,231.16,1832.19
"1008",1008,1,8.19,0,0,147.49,4285.48
"1009",1009,20.41,51.2152,10,25.9,588.8461,4839
"1010",1010,10,52.19,5,26.09,506.21,4315.83
"1011",1011,1,9.24,0,0,535.75,1995.2
"1012",1012,4,15.37,4,15.37,211.4,5796.21
"1013",1013,10,70.42,12,84.5,521.09,6724.88
"1014",1014,31,53.61,34,58.8,1469.9,7496.5
"1015",1015,0,0,1,7.6,68.39,1732.65
"1016",1016,7,37.63,0,0,188.13,3794.88
"1017",1017,11,17.27,15,23.56,314.07,4690.64
"1018",1018,1,8.71,0,0,235.07,4762.32
"1019",1019,4,21.49,0,0,96.73,2015.15
"1020",1020,23,54.99,25,59.78,920.55,8139.06
"1021",1021,11,21.51,11,21.51,791.96,6476.47
"1022",1022,32.44,62.8443,16,21.41,1005.8539,7387.18
"1023",1023,25.25,90.569,15,140.88,1230.891,7401.15
"1024",1024,10,83.83,0,0,1064.63,2975.94
"1025",1025,9,23.22,20,51.6,278.64,2706.47
"1026",1026,14.26,64.2442,2,9.98,581.4256,4712.22
"1027",1027,0,0,3,8.77,67.2,4227.9
"1028",1028,18,98.99,3,16.5,824.95,2826.82
"1029",1029,4,22.2,10.26,45.2451,155.37,3777.704
"1030",1030,3,11.87,3,11.87,166.15,2713.82
"1031",1031,9,18.22,5,10.12,125.54,5088.28
"1032",1032,46,54.63,50,59.38,951.34,5904.01
"1033",1033,14,120.54,1,8.61,1334.6,12493.54
"1034",1034,0,0,2,13.72,48.01,2489.71
"1035",1035,4,13.19,0,0,98.95,2315.53
"1036",1036,12,31.89,12,31.89,441.08,5056.46
"1037",1037,1,3.94,8,31.49,204.68,3192.28
"1038",1038,0,0,1,8.07,56.51,5085.98
"1039",1039,11,35.25,11,35.25,474.31,3214.43
"1040",1040,216,55.6,659,169.63,1418.55,9454.95
"1041",1041,28,24.34,31,26.95,953.67,8977.74
"1042",1042,13,87.78,2,13.51,1215.48,5422.38
"1043",1043,36,30.65,31,26.39,530.44,6200.09
"1044",1044,10,77.86,8,62.29,537.26,7249.09
"1045",1045,1,4.44,3,13.32,84.35,3303
"1046",1046,42,39.81,42,39.81,681.43,6474.08
"1047",1047,0,0,0,0,96.47,2744.13
"1048",1048,0,0,1,8.59,85.9,2010.14
"1049",1049,2,10.65,3,15.97,628.09,7404.06
"1050",1050,5,28.19,1,5.64,84.57,2627.42
"1051",1051,8,24.61,8,24.61,495.28,2294.89
"1052",1052,174,150.95,503,436.37,2154.96,8024.71
"1053",1053,53,63.42,68,81.37,1395.22,7234.57
"1054",1054,3,20.41,9,61.22,292.52,4911.56
"1055",1055,3,20.05,0,0,106.96,2246.14
"1056",1056,9,43.58,7,33.89,266.29,5175.75
"1057",1057,50,133.92,18,48.21,2581.96,11466.15
"1058",1058,4,13.82,27.1,76.1362,1088.12,6385.4804
"1059",1059,13,26.94,3,6.22,155.42,4012.02
"1060",1060,7,32.73,1,4.68,149.6,2248.71
"1061",1061,13,67.96,10,52.28,695.28,5849.76
"1062",1062,11,43.04,2,7.83,297.37,3631.1
"1063",1063,0,0,3,19.99,306.54,7310.41
"1064",1064,15,57.27,18,68.72,832.32,5681.12
"1065",1065,18.65,54.0601,6,14.96,604.3983,4524.15
"1066",1066,3,17.73,4,23.64,212.73,3025.47
"1067",1067,0,0,13,57.02,78.94,2719.18
"1068",1068,2,11.02,5,27.54,346.99,2952.19
"1069",1069,1,8.4,0,0,84.02,2377.75
"1070",1070,4,28.51,1,7.13,171.06,6072.7
"1071",1071,5,38.6,3,23.16,108.07,4585.46
"1072",1072,65,43.52,56,37.5,556.4,7720.02
"1073",1073,11,66.56,12,72.61,1240.39,14013.43
"1074",1074,3,23.65,1,7.88,212.83,3689.11
"1075",1075,1,7.22,0,0,130.01,2181.29
"1076",1076,13,39.3,0,0,447.45,8474.42
"1077",1077,0,0,3,16.5,54.99,1792.59
"1078",1078,10,77.42,0,0,487.73,4250.21
"1079",1079,2,3.94,1,1.97,76.92,1110.39
"1080",1080,13,46.39,22,78.51,1227.61,7304.97
"1081",1081,11,82.43,3,22.48,771.88,9779.68
"1082",1082,0,0,1,8.74,43.71,1118.88
"1083",1083,4,13,12.32,50.0126,454.84,4625.963
"1084",1084,7,13.65,14,27.3,74.09,5634.96
"1085",1085,0,0,0,0,163.75,2378.42
"1086",1086,0,0,5,28.5,906.29,9165.53
"1087",1087,20.29,42.1603,10,14.53,526.3099,3851.07
"1088",1088,13,69.03,4,21.24,1093.88,7205.82
"1089",1089,25,52.56,5,10.51,832.58,6830.94
"1090",1090,6,33.88,0,0,112.94,4743.62
"1091",1091,15,81.46,2,10.86,657.11,7429.13
"1092",1092,2,17.5,1,8.75,236.22,4050.74
"1093",1093,3,14.49,1,4.83,270.39,4181.35
"1094",1094,6.532,28.0456,3,11.03,286.7938,1135.78
"1095",1095,135,49.52,257,94.26,999.13,5451.18
"1096",1096,3,10.57,4,14.09,144.44,1648.7
"1097",1097,10,78.2,1,7.82,594.35,4606.24
"1098",1098,48,107.7,57,127.89,2344.68,7747.54
"1099",1099,35,45.43,2,2.6,1283.7,7364.72
"1100",1100,0,0,3,12.11,121.07,3285.04
"1101",1101,61,98.7,113,182.84,673.11,7289.29
"1102",1102,6,45.26,1,7.54,165.96,4888.35
"1103",1103,30,55.45,6,11.09,275.38,5234.07
"1104",1104,1,3.56,21,74.71,259.69,3525.44
"1105",1105,3,20.59,4,27.45,253.89,3973.1
"1106",1106,1,4.72,2,9.43,33.01,2268.33
"1107",1107,9.34,52.7288,2,15.87,472.3949,4181.54
"1108",1108,3,18.99,5,31.65,126.61,4051.66
"1109",1109,109,74.67,90,61.65,1169.38,9154.31
"1110",1110,0,0,1,6.16,43.13,1336.95
"1111",1111,2,18.94,1,9.47,170.42,4004.92
"1112",1112,3,22.85,4,30.47,358.01,5408.29
"1113",1113,10,37.17,19,70.63,479.52,3802.69
"1114",1114,16,30.62,24,45.93,673.62,5105.73
"1115",1115,15,68.72,27,123.7,1392.77,13735.28
"1116",1116,14,55.19,10,39.42,204.97,3358.43
"1117",1117,2,9.69,0,0,67.86,4071.35
"1118",1118,4,11.07,5,13.83,182.6,2321.27
"1119",1119,2,11.49,2,11.49,155.08,4888
"1120",1120,9,36.66,0,0,93.7,1776.18
"1121",1121,22,20.52,31,28.92,500.94,5005.64
"1122",1122,4,29.98,2,14.99,134.91,2286.01
"1123",1123,32,65.45,5,10.23,380.43,5688.05
"1124",1124,11.49,53.3607,4,30.51,403.2403,3843.81
"1125",1125,1,8.59,2,17.18,68.71,3366.83
"1126",1126,6,42.31,4,28.2,366.66,5020.45
"1127",1127,10,12.7,13,16.52,412.91,4981.58
"1128",1128,449,124.81,581,161.5,1562.48,7194.74
"1129",1129,1,4.43,0,0,159.32,1106.39
"1130",1130,14,54.56,4,15.59,911.96,4450.68
"1131",1131,17.17,66.8803,9,41.76,513.9966,4356.7
"1132",1132,25,92.24,1,3.69,1660.33,7681.81
"1133",1133,0,0,3,24.25,137.42,2214.86
"1134",1134,435,60.63,459,63.98,1014.86,5790.44
"1135",1135,1,9.16,1,9.16,375.6,1722.24
"1136",1136,4,28.86,11,79.35,764.68,2395.04
"1137",1137,2,15.42,0,0,146.46,2489.79
"1138",1138,0,0,0,0,141.03,1039.19
"1139",1139,102,91.52,45,40.38,820.1,9176.31
"1140",1140,0,0,0,0,55.83,1507.54
"1141",1141,22.58,67.074,16,57.52,960.770799999999,8480.43
"1142",1142,18,102.54,42,239.26,2193.23,13301.81
"1143",1143,1,6.29,4,25.15,339.49,2382.75
"1144",1144,19,54.43,5,14.32,1231.81,5445.74
"1145",1145,2,14.95,1,7.48,44.86,2011.21
"1146",1146,62,120.79,20,38.96,845.51,10025.33
"1147",1147,19,89.15,8,37.54,243.98,3373.53
"1148",1148,3,18.19,0,0,794.37,5615.18
"1149",1149,10,44.65,32,142.89,415.27,7153.38
"1150",1150,9,45.08,8,40.07,140.25,6767.18
"1151",1151,2,14.64,4,29.29,541.85,5791.9
"1152",1152,2,17.55,12,105.27,131.59,2851.13
"1153",1153,1,2.98,2,5.96,369.33,2689.58
"1154",1154,38,59.6,49,76.85,1202.99,9584.68
"1155",1155,136,68.64,128,64.6,643.52,5655.94
"1156",1156,46,83.7,35,63.69,902.54,7276.73
"1157",1157,54,61.44,89.43,95.3242,1315.31,7136.3001
"1158",1158,16,20.34,19,24.16,205.97,3743.02
"1159",1159,10,28.85,5,14.43,513.6,3990.54
"1160",1160,22,44.86,16,32.63,383.35,3574.56
"1161",1161,10,32.17,5,16.09,74,2429.14
"1162",1162,209,116.34,73,40.63,2304.49,9956.08
"1163",1163,10,18.16,24,43.59,908.08,6418.34
"1164",1164,0,0,1,3.23,32.29,1443.33
"1165",1165,6,43.85,7,51.16,716.27,5562.05
"1166",1166,3,14.32,0,0,124.14,1675.9
"1167",1167,9,66.74,0,0,400.42,5613.23
"1168",1168,0,0,1,9.44,18.87,1283.26
"1169",1169,7.25,26.7374,3,6.4,267.8791,2647.41
"1170",1170,22,32,15,21.82,622.5,4126.25
"1171",1171,11.85,42.977425,3,5.12,489.6958,4708.85
"1172",1172,40,62.35,68.05,75.3801,1033.4,7205.9405
"1173",1173,20.91,30.9532,14,19.54,563.1338,4765.56
"1174",1174,0,0,11,94.51,137.47,3909.27
"1175",1175,26,53.95,7,14.53,734.56,6596.53
"1176",1176,3,18.88,3,18.88,44.06,1982.88
"1177",1177,353,93.62,401,106.36,2601.6,9420.56
"1178",1178,0,0,1,3.19,79.76,1885.47
"1179",1179,7,17.57,4,10.04,401.67,3549.73
"1180",1180,18,56.2,11,34.34,224.8,4842.49
"1181",1181,7.49,25.3548,4,10.91,328.9439,2695.18
"1182",1182,0,0,6,23.93,386.92,6382.13
"1183",1183,1,6.19,0,0,37.13,2054.58
"1184",1184,1,6.94,1,6.94,69.41,2151.58
"1185",1185,11.82,32.6291,7,14,368.57045,2684.16
"1186",1186,90,137.13,29,44.19,2082.86,9425.42
"1187",1187,2,11.62,0,0,203.29,1469.48
"1188",1188,9,24.32,0,0,178.31,3787.76
"1189",1189,9,61.59,4,27.37,1266.08,2607.45
"1190",1190,24,37.51,13,20.32,426.71,5608.18
"1191",1191,4,15.77,3,11.82,106.42,3121.55
"1192",1192,36,84.81,40,94.24,690.29,8622.72
"1193",1193,33,31.79,85,81.87,639.59,5478.87
"1194",1194,4,6.9,12,20.7,144.9,3508.59
"1195",1195,7.84,42.1594,2,19.42,395.50425,2495.15
"1196",1196,1,6.55,0,0,13.1,2363.96
"1197",1197,81,124.24,49,75.16,1432.56,6883.65
"1198",1198,0,0,1,9.18,358,2717.09
"1199",1199,10,42.5,1,4.25,395.27,2375.89
"1200",1200,4,34.89,1,8.72,985.78,7781.56
"1201",1201,8,26.75,9,30.1,598.56,4270.19
"1202",1202,14,26.67,3,5.72,493.46,8139.16
"1203",1203,17,146.88,4,34.56,1045.45,10860.55
"1204",1204,16,91.56,6,34.34,412.04,5133.34
"1205",1205,3,22.49,2,15,307.42,4978.63
"1206",1206,0,0,1,6.92,96.85,3147.7
"1207",1207,5,17.02,19,64.68,268.94,3295.32
"1208",1208,0,0,0,0,147.83,3030.55
"1209",1209,9,41.09,13,59.36,803.58,7108.94
"1210",1210,39,20.31,113,58.85,974.37,7215.88
"1211",1211,4,36.6,2,18.3,603.84,7721.87
"1212",1212,59,56.39,45,43.01,1183.14,6316.12
"1213",1213,257,98.76,184,70.71,3928.03,10942.54
"1214",1214,88,120.18,97,132.47,2941.62,7166.95
"1215",1215,42,60.61,42,60.61,577.28,7709.63
"1216",1216,26,62.88,8,19.35,1332.66,6682.63
"1217",1217,46,66.93,18,26.19,566.03,6086.67
"1218",1218,64,53.23,57,47.41,390.93,6890.36
"1219",1219,114,76.1,384,256.33,916.52,9460.97
"1220",1220,71,112.73,25,39.69,1020.91,11250.65
"1221",1221,0,0,3,22.94,183.56,2699.81
"1222",1222,1,8.82,0,0,8.82,3167.46
"1223",1223,10,34.72,10,34.72,395.81,3517.12
"1224",1224,7,15,16,34.3,319.39,4392.09
"1225",1225,5,22.91,12,54.99,132.89,3986.8
"1226",1226,9.1,40.1165,2,9.76,307.666925,3377.26
"1227",1227,15,31.62,14,29.51,672.46,5046.59
"1228",1228,4,27.99,4,27.99,538.88,4674.92
"1229",1229,1,7.6,0,0,212.78,2173.42
"1230",1230,28,67.39,44,105.89,536.69,9352.36
"1231",1231,5,26.4,5,26.4,337.96,4198.13
"1232",1232,11,28.65,8,20.84,885.56,2878.05
"1233",1233,10,26.38,11,29.02,137.16,2640.39
"1234",1234,12.68,67.3005,3,28.57,794.5563,5913.72
"1235",1235,3,6.48,3,6.48,188.02,1346.39
"1236",1236,11,19.23,15,26.22,241.21,5743.65
"1237",1237,0,0,1,6.45,51.57,1366.51
"1238",1238,2,3.99,18,35.9,199.45,4374.02
"1239",1239,0,0,1,3.29,207.47,2133.97
"1240",1240,17.7,31.622,26,33.74,501.6924,2489.91
"1241",1241,3,18.83,7,43.95,420.62,4564
"1242",1242,6.43,28.0334,4,18.75,368.78495,3173.04
"1243",1243,3,23.67,1,7.89,55.23,2351.27
"1244",1244,10,45.04,11,49.54,1531.26,4107.37
"1245",1245,1,6.91,1,6.91,62.17,4759.27
"1246",1246,7,30.23,6,25.91,1593.54,2725
"1247",1247,8.04,41.0657,2,14.41,341.4952,2724.32
"1248",1248,1,5.9,0,0,601.38,4020.99
"1249",1249,11,31.31,18,51.23,216.31,5063.33
"1250",1250,1,6.17,0,0,61.69,888.29
"1251",1251,9,19.32,11,23.62,650.56,3139.02
"1252",1252,8,40.01,3,15,525.08,6706.01
"1253",1253,1,9.59,1,9.59,182.15,4908.45
"1254",1254,0,0,0,0,84.96,2473.33
"1255",1255,4,12.83,16,51.31,125.06,2379.35
"1256",1256,40.98,81.2597,38,98.79,817.9191,8227.83
"1257",1257,19.73,33.7026,17,21.39,492.8146,4279.66
"1258",1258,1,2.57,9,23.13,25.7,1765.89
"1259",1259,11,61.35,8,44.62,730.58,9118.29
"1260",1260,5,22.9,5,22.9,114.49,3201.14
"1261",1261,0,0,1,8.76,61.33,3451.9
"1262",1262,0,0,0,0,33.38,1962.62
"1263",1263,6,31.47,3,15.73,178.33,3498.37
"1264",1264,10,14.43,8,11.54,249.58,3348.43
"1265",1265,1,2.71,4,10.84,43.35,1514.7
"1266",1266,9,17.9,4,7.95,294.3,4128.14
"1267",1267,49,25.75,46,24.17,611.05,5857.78
"1268",1268,6.37,26.3829,4,17.88,294.35995,3249.6
"1269",1269,10,30.86,12,37.03,438.23,6156.84
"1270",1270,16.01,39.5409,9,17.56,554.595,3092.32
"1271",1271,2,4.02,20,40.24,150.88,2939.22
"1272",1272,1,6.31,21.09,67.5336785714286,669.02,6220.8963
"1273",1273,10,73.87,80.53,171.5868,1987.15,8945.0609
"1274",1274,19,105.54,0,0,966.56,6504.83
"1275",1275,0,0,0,0,134.26,3269.63
"1276",1276,12.9,35.3476,12,27.5,476.6937,2955.73
"1277",1277,9,11.72,16,20.84,166.71,3413.65
"1278",1278,18,75.75,10,42.08,938.43,7259.18
"1279",1279,8,18.87,7,16.51,974.36,13650.41
"1280",1280,12,30.94,21,54.14,618.78,4473.26
"1281",1281,1,3.29,10,32.95,204.28,2263.52
"1282",1282,90,106.61,136,161.11,643.24,5166.08
"1283",1283,24,90.21,7,26.31,360.85,4784.99
"1284",1284,6,42.76,3,21.38,669.95,4632.6
"1285",1285,17.87,35.3227,12,13.6,540.551900000001,3384.14
"1286",1286,8,15.07,1,1.88,177.06,3987.64
"1287",1287,8,27.64,4,13.82,190.01,1931.18
"1288",1288,14,36.68,9,23.58,822.57,3492
"1289",1289,11,27.15,48,118.49,589.98,4825.97
"1290",1290,16,35.02,4,8.75,188.22,3403.37
"1291",1291,17.03,45.5601,20,59.28,627.7229,2726.98
"1292",1292,1,5.05,2,10.11,151.58,3910.87
"1293",1293,9.43,52.6483,3,23.72,561.3403,4523.53
"1294",1294,0,0,4,23.32,145.76,5054.8
"1295",1295,73,97.8,22,29.47,833.29,7431.27
"1296",1296,204,83.66,135,55.36,1135.5,8027.25
"1297",1297,297,109.7,215,79.42,2466.68,9349.97
"1298",1298,3,24.47,3,24.47,750.53,8117.15
"1299",1299,22,52.11,6,14.21,184.77,3181.33
"1300",1300,72,54.11,192,144.3,1908.96,8455.77
"1301",1301,1,7.82,0,0,54.75,5552.95
"1302",1302,8.99,39.92535,2,11.24,303.2927,2872.72
"1303",1303,19.21,76.413,3,25.66,1287.7057,6003.59
"1304",1304,5,23.05,7,32.27,364.21,5297.13
"1305",1305,3,22.93,10.9,64.2693,122.28,3569.6086
"1306",1306,1,7.93,5.59,26.0665666666667,15.86,2698.60275
"1307",1307,3,8.69,0,0,147.79,4129.36
"1308",1308,8.98,46.22655,3,16.62,428.415,3927.98
"1309",1309,20.9466666666667,71.8588775,0,0,1949.5807475,9384.65
"1310",1310,11,34.36,0,0,1680.3,12452.37
"1311",1311,1,5.99,1,5.99,83.81,2675.85
"1312",1312,22,64.33,7,20.47,663.76,7228.28
"1313",1313,53,61.77,33,38.46,536.08,5063.63
"1314",1314,1,6.07,0,0,103.24,2641.81
"1315",1315,44,51.13,18,20.92,779.72,5227.99
"1316",1316,24.09,76.3117,12,38.75,1419.3552,10074.27
"1317",1317,24,43.82,17,31.04,385.23,3850.44
"1318",1318,8,47.01,0,0,82.26,5153.06
"1319",1319,3,10.29,8,27.43,236.6,1543.05
"1320",1320,6,50,2,16.67,716.61,5232.9
"1321",1321,18,40.58,16,36.07,845.39,9292.57
"1322",1322,2,6.01,7.08,27.4481,204.32,3367.5246
"1323",1323,0,0,5.95697368421053,25.8545949275362,17.24,2398.75149929825
"1324",1324,5,12.6,1,2.52,297.32,3897.9
"1325",1325,18,44.54,16,39.59,143.51,4097.49
"1326",1326,0,0,0,0,50.49,1609.44
"1327",1327,8,14.19,4,7.1,475.46,3738
"1328",1328,1,5.6,11,61.62,39.21,1243.63
"1329",1329,8,28.99,3,10.87,1138.05,9843.79
"1330",1330,11,25.79,10,23.45,1313.17,3831.63
"1331",1331,8,24.8,5,15.5,796.75,6308.9
"1332",1332,2,8.71,0,0,95.76,1915.21
"1333",1333,12.81,59.6763,4,31.57,615.8683,4356.06
"1334",1334,2,15.08,15,113.13,211.18,7240.37
"1335",1335,4,14.02,5,17.53,234.84,2316.86
"1336",1336,3,5.38,9,16.14,270.88,4952.91
"1337",1337,13,50.55,4,15.55,497.69,4514.17
"1338",1338,0,0,15,100.2,387.44,8076.15
"1339",1339,13,85.4,2,13.14,1517.44,9794.39
"1340",1340,3,21.7,10,72.32,130.17,3087.94
"1341",1341,3,20.03,0,0,1108.14,7162.88
"1342",1342,9,26.64,78,230.84,790.2,5445.56
"1343",1343,3,27.7,9,83.09,840.18,4256.3
"1344",1344,6,12.45,7,14.53,373.65,4739.07
"1345",1345,60.71,92.242,25,61.18,1666.2326,10715.77
"1346",1346,11,44.71,14,56.9,325.15,5742.97
"1347",1347,4,12.41,0,0,425.03,3378.53
"1348",1348,5.3,24.2195916666667,1,4.61,168.9776,1354.21
"1349",1349,28,49.54,5,8.85,265.42,4055.56
"1350",1350,8,33.88,0,0,173.62,2151.18
"1351",1351,4,13.67,0,0,1196.34,2631.94
"1352",1352,130,70.28,143,77.3,555.18,7553.59
"1353",1353,9.55,51.11865,3,22.38,342.8941,2872.06
"1354",1354,5,14.58,13,37.91,358.64,5181.36
"1355",1355,1,8.84,1,8.84,106.04,3614.35
"1356",1356,15,43.97,8,23.45,275.53,8969.4
"1357",1357,17,56.75,12,40.06,824.52,5738.22
"1358",1358,8,23.68,1,2.96,239.72,2903.31
"1359",1359,8,48.24,1,6.03,319.6,4287.52
"1360",1360,13,19.67,6,9.08,175.54,2916.07
"1361",1361,18.09,59.706,16,61.8,597.2915,5090.38
"1362",1362,82,96.97,76,89.88,1224,7475.25
"1363",1363,6,53.82,1,8.97,125.57,3264.87
"1364",1364,0,0,1,8.66,138.54,1359.43
"1365",1365,42,57.26,2,2.73,1203.87,7311.82
"1366",1366,20,22.79,18,20.51,208.56,6441.54
"1367",1367,1,7.14,0,0,950.27,8202.34
"1368",1368,0,0,0,0,66.3,1443.94
"1369",1369,2,11.09,9,49.91,754.26,4630.91
"1370",1370,6,27.98,37.26,106.4706,1002.66,6247.57650000001
"1371",1371,11,35.12,7,22.35,268.19,3457.74
"1372",1372,3,9.44,9,28.31,534.69,5777.82
"1373",1373,7,25.39,0,0,304.71,5833.06
"1374",1374,12,41.53,7,24.23,114.21,3637.43
"1375",1375,3,18.04,0,0,120.26,1906.19
"1376",1376,18,47.64,24,63.52,690.81,7453.28
"1377",1377,2,15.7,9.91,56.9815,125.63,3026.0338
"1378",1378,114,57.61,145,73.28,1048.0443,5694
"1379",1379,23,40.13,20,34.89,197.14,6512.56
"1380",1380,1,5.44,1,5.44,212.07,2974.44
"1381",1381,44,67.28,8,12.23,697.28,7370.37
"1382",1382,5,29.86,1,5.97,513.59,3147.21
"1383",1383,15,78.79,4,21.01,546.28,4107.57
"1384",1384,3,9.47,2,6.31,123.07,1707.22
"1385",1385,10,25.19,13,32.74,619.57,2284.35
"1386",1386,8.5837207498384,42.5699064069264,0,0,235.76057537037,2917
"1387",1387,11,79.31,1,7.21,216.29,2718.1
"1388",1388,6,45.64,2,15.21,167.34,3772.72
"1389",1389,61,113.04,33,61.15,563.33,5957.57
"1390",1390,4,11.5,9,25.88,485.98,4077.64
"1391",1391,9,69.03,1,7.67,1165.91,6696.33
"1392",1392,79,85.7,278,301.59,2299.87,6833.44
"1393",1393,22,40.7,12,22.2,199.81,4754.77
"1394",1394,5,22.61,1,4.52,108.52,1777.07
"1395",1395,1,5.97,8,47.78,286.67,4646.44
"1396",1396,0,0,6.74697368421053,33.4045261180124,0,2359.22513596491
"1397",1397,0,0,2,12.56,238.59,2059.4
"1398",1398,13,41.36,9,28.63,362.65,2742.17
"1399",1399,7,37.68,5,26.92,602.9,5151.53
"1400",1400,14,67.7,9,43.52,483.61,3032.21
"1401",1401,3,22.13,4,29.51,177.04,4086.75
"1402",1402,518,144.81,466.89,141.5264,1811.81,8401.0949
"1403",1403,19.58,55.984,6,17.97,506.2469,4927.66
"1404",1404,0,0,0,0,35.26,2397.74
"1405",1405,14,38.73,14.72,39.7574,370.67,4859.3393
"1406",1406,12,69.93,12,69.93,1730.67,5524.15
"1407",1407,18,50.77,14,39.49,857.47,5835.9
"1408",1408,5,44.74,0,0,1082.77,5100.67
"1409",1409,26,66.83,25.25,70.4812,179.92,5841.9058
"1410",1410,13,31.16,18,43.14,467.36,4510.59
"1411",1411,12,22.33,17,31.63,2037.32,5511.01
"1412",1412,3,7.48,6,14.96,79.79,2580.79
"1413",1413,29,50.52,136.58,138.5069,1956.24,7411.1233
"1414",1414,4,16.65,7,29.14,237.29,3488.61
"1415",1415,34,167.69,9,44.39,1252.77,10954.38
"1416",1416,49,47.14,57,54.84,1189.11,3553.87
"1417",1417,6,16.73,3,8.36,867.12,2238.89
"1418",1418,17,88.84,15,78.39,2241.85,8005.85
"1419",1419,2,18.32,1,9.16,219.84,1190.8
"1420",1420,66,44.91,66,44.91,1019.98,5153.64
"1421",1421,11,81.43,5,37.01,1317.64,10171
"1422",1422,16,57.04,14,49.91,438.5,5340.46
"1423",1423,8,17.79,11,24.47,698.38,4450.52
"1424",1424,16,38.9,25,60.78,636.96,5810.42
"1425",1425,1,7.16,0,0,150.31,2898.86
"1426",1426,33,52,69,108.73,2124.14,7417.011
"1427",1427,17,68.68,8,32.32,484.83,5244.23
"1428",1428,9,22.1,17,41.75,260.35,4315.36
"1429",1429,396,34.2,245,21.16,1162.84,6219.62
"1430",1430,3,23.95,0,0,39.92,1892.37
"1431",1431,3,23.83,1,7.94,150.9,2422.37
"1432",1432,5,19.54,5,19.54,418.07,3450.03
"1433",1433,553,55.31,958,95.81,672.57,9191.32
"1434",1434,720.09,88.3858,1676,60.95,1530.2807,7604.09
"1435",1435,17.56,71.5502,2,15.47,888.2649,5901.92
"1436",1436,1,6.88,2,13.77,117.03,1239.16
"1437",1437,102,86.77,58,49.34,537.64,6058.7
"1438",1438,4,9.26,35,80.98,333.19,3158.41
"1439",1439,2,5.39,0,0,177.84,3823.66
"1440",1440,8.07,41.653,2,18.63,343.30265,2506.06
"1441",1441,7,46.48,1,6.64,338.62,4727.44
"1442",1442,25,76.03,4,12.17,2572.91,6982.76
"1443",1443,28,84.67,20,60.48,1448.4,8360.8
"1444",1444,19,26.01,14,19.17,570.95,5554.79
"1445",1445,7.28,40.8679333333333,1,8.69,290.729166666667,2712.57
"1446",1446,1,8.14,0,0,415.11,3418.53
"1447",1447,8,71.96,16.34,80.4783,161.9,5743.9443
"1448",1448,1,3.94,6,23.63,712.74,9557
"1449",1449,174,85.66,170,83.69,1617.17,9371.69
"1450",1450,8,15.59,9,17.53,409.11,5287.25
"1451",1451,18.1,52.2609,9,30.58,424.3886,3177.25
"1452",1452,41.19,51.694,48,56.01,737.46414,4550.97
"1453",1453,6,27.52,2,9.17,210.97,3425.98
"1454",1454,3,21.82,4,29.1,349.17,3673.53
"1455",1455,8.4,35.89925,5,24,367.4515,3048.63
"1456",1456,2,10.77,4,21.54,113.07,4485.25
"1457",1457,8,35.45,2,8.86,793.23,3137.46
"1458",1458,2,16.7,1,8.35,66.79,1928.7
"1459",1459,10,82.51,3,24.75,1889.44,11105.61
"1460",1460,0,0,1,3.7,85.15,3457.98
"1461",1461,0,0,5,40.4,56.56,2108.75
"1462",1462,9,42.31,0,0,103.43,2712.74
"1463",1463,0,0,6,43.65,298.25,2880.63
"1464",1464,79,49.5,116,72.68,852.74,6184.09
"1465",1465,6,13.98,16,37.29,349.61,3920.29
"1466",1466,24,51.51,53,113.75,847.77,7632.05
"1467",1467,17,30.18,5,8.88,1075.77,5547.47
"1468",1468,0,0,4,35.43,79.71,4941.99
"1469",1469,44,39.13,30,26.68,534.46,6542.41
"1470",1470,99,79.71,227,182.78,2288.32,12328.9
"1471",1471,0,0,0,0,316.14,2746.83
"1472",1472,9,68.4,1,7.6,782.85,4263.89
"1473",1473,166,67.31,119,48.25,1807.31,6499.74
"1474",1474,1,3.85,9,34.61,30.76,2195.73
"1475",1475,7.05742155067155,34.2596338461539,0,0,325.356413703704,3254.28
"1476",1476,4,30.39,0,0,159.55,1671.48
"1477",1477,1,8.96,3,26.88,268.82,4068.1
"1478",1478,11,87.3,8,63.49,1007.94,5920.63
"1479",1479,0,0,5.97275799793602,26.7539615942029,44.32,2628.67061929825
"1480",1480,2,19.28,0,0,578.26,7305.32
"1481",1481,8,23.27,4,11.64,267.64,4933.82
"1482",1482,40.66,102.1526,17,89.3,1099.2247,6345.87
"1483",1483,39,37.67,12,11.59,566.06,7883.27
"1484",1484,3,28.97,0,0,86.9,2056.58
"1485",1485,1,4.39,3,13.18,48.33,1818.82
"1486",1486,0,0,0,0,204.98,3093.72
"1487",1487,9,36.01,2,8,504.2,4957.98
"1488",1488,1,8.11,50.98,124.1738,1581.25,7748.405
"1489",1489,0,0,2,9.44,80.26,2105.66
"1490",1490,7,26.57,3,11.39,170.78,2724.96
"1491",1491,23,71.1,36,111.28,234.92,8645.79
"1492",1492,6,11.93,5,9.94,79.56,2838.22
"1493",1493,28,105.01,17,63.75,952.56,5306.58
"1494",1494,191,102.65,160,85.99,1849.26,9547.28
"1495",1495,0,0,0,0,59.7,820.9
"1496",1496,29,57.04,10,19.67,572.35,5265.23
"1497",1497,32,60.59,14,26.51,1168.18,6013.22
"1498",1498,1,4.82,1,4.82,173.64,2295.86
"1499",1499,15,42.23,9,25.34,104.17,4099.33
"1500",1500,3,21.49,5,35.81,1289.31,6955.09
"1501",1501,5,13.36,7.8,24.1850333333333,147,3133.5926
"1502",1502,5,40.8,3,24.48,220.3,4658.94
"1503",1503,14.18,59.0269,6,32.14,538.3643,5200.58
"1504",1504,18,53.67,39,116.29,787.17,7391.62
"1505",1505,0,0,13,14.07,143.94,3498.99
"1506",1506,7,55.98,2,15.99,463.85,4526.55
"1507",1507,3,11.87,18,71.23,407.57,13627.73
"1508",1508,0,0,0,0,248.57,1464.56
"1509",1509,35,77.67,12,26.63,372.83,3295.53
"1510",1510,0,0,3,14.22,28.45,2204.52
"1511",1511,1,9.96,1,9.96,89.62,3355.91
"1512",1512,4.75,25.964475,1,6.55,179.4906,1656.52
"1513",1513,15,54.55,17,61.82,385.5,3302.18
"1514",1514,9,27.19,8,24.17,241.68,2640.32
"1515",1515,6,31.57,7,36.83,352.5,3367.18
"1516",1516,14,24.24,25,43.28,361.82,4598.1
"1517",1517,53,45.62,55,47.34,1118.18,6251.13
"1518",1518,9,26.42,14.45,42.1838,129.17,3839.8619
"1519",1519,4,18.97,5,23.71,251.32,4846.13
"1520",1520,8.07,28.9602,5,16.31,321.06525,2719.98
"1521",1521,0,0,2,16.66,149.98,2199.63
"1522",1522,10,62.93,4,25.17,295.76,2869.55
"1523",1523,3,21.54,0,0,272.83,1744.69
"1524",1524,3,10.25,4,13.67,167.41,1674.13
"1525",1525,11,37.43,9,30.63,1102.6,6333.16
"1526",1526,5,39.53,9,71.15,1083.09,10253.78
"1527",1527,10,38.73,5,19.36,863.57,5305.35
"1528",1528,32,72.32,31,70.06,596.65,9605.17
"1529",1529,4,23.29,1,5.82,139.76,1176.33
"1530",1530,8,46.04,6,34.53,828.73,6192.45
"1531",1531,10,18.15,0,0,455.62,3165.73
"1532",1532,3,7.78,3,7.78,59.64,2831.8
"1533",1533,17,43.64,2,5.13,939.47,4833.41
"1534",1534,18,70.76,6,23.59,1419.14,11671.52
"1535",1535,27,81.13,23,69.11,1577.48,12154.08
"1536",1536,200,170.67,59,50.35,1250.99,9531.77
"1537",1537,7,49.68,0,0,127.76,3080.42
"1538",1538,12,23.76,17,33.66,384.07,4329.75
"1539",1539,0,0,1,9.13,246.55,2100.26
"1540",1540,4,30.04,1,7.51,232.79,3101.3
"1541",1541,2,15.55,9.12,52.6162,77.77,2509.1494
"1542",1542,15,80.45,5,26.82,1163.91,6141.39
"1543",1543,4,19.77,4,19.77,682.12,2590.08
"1544",1544,3,25.8,9,77.4,395.6,5288.96
"1545",1545,8,60.41,8,60.41,1230.84,7332.18
"1546",1546,15.49,51.6802,14,56.64,580.44534,4721.26
"1547",1547,4,23.65,6,35.48,76.88,1738.62
"1548",1548,424,68.12,512,82.25,966.16,7218.05
"1549",1549,18,48.7,9,24.35,1201.23,10253.77
"1550",1550,0,0,1,8.96,134.43,3826.85
"1551",1551,2,16.72,2,16.72,292.57,4848.28
"1552",1552,5,14.95,5,14.95,340.76,5153.19
"1553",1553,8,16.48,3,6.18,348.12,3804.64
"1554",1554,9.32,49.84645,1,6.36,627.97494,5546.37
"1555",1555,1,4.47,1,4.47,22.33,1246.15
"1556",1556,1,5.08,0,0,244.05,4021.76
"1557",1557,8,31.89,2,7.97,171.38,3021.12
"1558",1558,14.26,43.8088,4,5.23,574.0252,4248.06
"1559",1559,1,3.87,0,0,85.1,3009.44
"1560",1560,9.52,51.8202,4,27.9,430.7432,2657.46
"1561",1561,6,48.53,5,40.44,121.32,4019.73
"1562",1562,39,21.14,50,27.1,483.47,3470.5
"1563",1563,2,3.23,21,33.95,161.68,2942.65
"1564",1564,14.23,52.4602,6,25.01,466.2193,4205.39
"1565",1565,0,0,2,18.83,310.65,2776.99
"1566",1566,2,7.44,3,11.16,141.42,2508.28
"1567",1567,109,128.42,17,20.03,2065.29,7289.2
"1568",1568,18,45.19,82,205.85,1265.25,9165.54
"1569",1569,12.52,63.2728,4,11.85,551.1847,4701.11
"1570",1570,15,33.78,13,29.28,617.09,6722.67
"1571",1571,1,3.49,6,20.92,90.66,2873.38
"1572",1572,11.76,68.0741,1,8.97,648.7746,4414.54
"1573",1573,2,19.06,0,0,76.24,2639.86
"1574",1574,11,88.1,90.68,184.3791,1938.17,8894.602
"1575",1575,3,20.55,1,6.85,219.16,1657.42
"1576",1576,17,59.26,5,17.43,1307.21,10938.75
"1577",1577,6,42.68,4,28.45,113.81,3151.23
"1578",1578,7,56.18,6,48.15,698.18,2760.61
"1579",1579,0,0,1,7.31,116.97,3136.19
"1580",1580,14,49.5,15,53.03,597.51,7265.59
"1581",1581,324,58.48,200,36.1,3048.38,9252.35
"1582",1582,21,28.62,81,110.38,720.85,4624.86
"1583",1583,7,13.25,0,0,83.27,4210.9
"1584",1584,10,83.96,15,125.93,444.97,7085.89
"1585",1585,6,32.97,6,32.97,186.81,5961.54
"1586",1586,5,37.56,7,52.59,1502.52,4492.52
"1587",1587,5,9.78,7,13.7,90.01,3254.08
"1588",1588,1,3.86,4,15.45,390.07,3873.63
"1589",1589,6,58.57,3,29.29,458.81,6696.6
"1590",1590,3,14.52,1,4.84,96.77,1437
"1591",1591,22,24.92,14,15.86,440.66,3533.2
"1592",1592,8.84,49.6741,4,39.69,360.4873,1905.14
"1593",1593,36,131.27,27,98.45,3540.57,12185.96
"1594",1594,13,33.81,3,7.8,408.34,4390.35
"1595",1595,6,30.46,0,0,568.5,2796.81
"1596",1596,0,0,0,0,78.88,1507.45
"1597",1597,2,6.33,0,0,740.32,4533.66
"1598",1598,12,102.94,1,8.58,669.13,4520.89
"1599",1599,14,28.86,19,39.16,138.1,6113.32
"1600",1600,1,5.41,0,0,27.07,3789.93
"1601",1601,7,48.02,0,0,1029.02,6613.16
"1602",1602,33,50.66,59,90.58,2956.98,4214.39
"1603",1603,35,34.88,64,63.79,1625.6,11484.87
"1604",1604,6,51.04,3,25.52,1514.12,7655.67
"1605",1605,492,121.68,248,61.33,4026.59,13325.77
"1606",1606,16.7,47.7152,12,28.34,677.2924,5662.74
"1607",1607,5,9.46,9,17.02,242.12,3514.55
"1608",1608,3,23.53,8,62.76,439.32,4950.18
"1609",1609,59,62.01,89,93.55,1432.64,7648.9404
"1610",1610,1,9.02,0,0,243.53,3616.85
"1611",1611,66,48.71,64,47.23,1160.86,6844.87
"1612",1612,27,21.88,46,37.27,223.64,5202.98
"1613",1613,2,7.52,7,26.34,285.93,2840.48
"1614",1614,31,155.61,1,5.02,476.86,3915.27
"1615",1615,12,23.04,0,0,887.01,3202.46
"1616",1616,70,69.06,39,38.48,1155.27,6390.96
"1617",1617,9,51.44,6,34.29,800.14,7898.5
"1618",1618,13,38.41,18,53.18,499.32,4597.29
"1619",1619,0,0,6,23.71,383.23,5637.86
"1620",1620,5,13.5,16,43.19,89.07,879.92
"1621",1621,1,8.31,1,8.31,83.09,2908.18
"1622",1622,50.88,52.7944,32,26.63,473.7978,3595.71
"1623",1623,8.34,26.5728,5,16.49,328.63105,3432.7
"1624",1624,0,0,0,0,107.37,1250.55
"1625",1625,67,57.04,60,51.08,332.86,8062.76
"1626",1626,5,20.24,2,8.1,113.34,2388.28
"1627",1627,204,91.54,190,85.25,1380.6698,6405.25
"1628",1628,6,9.59,5,7.99,487.27,2789.45
"1629",1629,19,24.08,0,0,1764.17,7210.03
"1630",1630,0,0,0,0,39.54,1333.11
"1631",1631,15,15.47,21,21.65,408.3,3967.5
"1632",1632,28,41.79,22,32.83,1707.41,5258.05
"1633",1633,1,6.66,0,0,106.6,2072.09
"1634",1634,2,7.79,6,23.38,487.18,8375.56
"1635",1635,10.23,36.5089,7,21.11,374.5559,2907.82
"1636",1636,19.8,57.275,11,34.34,930.3168,6318.29
"1637",1637,15,84.15,0,0,297.32,3309.77
"1638",1638,3,24.59,3,24.59,131.14,1786.74
"1639",1639,4,28.68,17.59,76.9077,759.91,4792.6492
"1640",1640,0,0,2,6.66,13.32,1248.38
"1641",1641,23,63.31,7,19.27,231.23,2738.93
"1642",1642,12,22.52,27,50.67,540.49,5887.21
"1643",1643,18,28.63,10,15.9,1348.6,2899.17
"1644",1644,2,11.49,0,0,86.15,2940.5
"1645",1645,3,15.02,0,0,70.12,1843.04
"1646",1646,5,23,2,9.2,280.63,6817.87
"1647",1647,15,55.29,6,22.11,449.67,4743.65
"1648",1648,9,53.53,0,0,386.63,4490.84
"1649",1649,29,43.04,4,5.94,978.02,3076.53
"1650",1650,2,15.86,8,63.43,63.43,1791.94
"1651",1651,7,44.69,6,38.31,434.14,6748.39
"1652",1652,13,40.18,25,77.27,689.27,4280.9
"1653",1653,41,58.15,56,79.42,694.91,4887.04
"1654",1654,5,31.92,1,6.38,210.67,3255.87
"1655",1655,39,40.39,59,61.11,798.57,8426.98
"1656",1656,5,40.49,0,0,736.96,4186.91
"1657",1657,30,25.56,42,35.78,473.71,4686.81
"1658",1658,30,124.94,20,83.3,662.2,7933.86
"1659",1659,3,18.31,7,42.72,463.84,5932.26
"1660",1660,2,17.5,2,17.5,507.39,3927.92
"1661",1661,17,45.33,9,24,391.99,5037.2
"1662",1662,8,39.16,0,0,582.45,5599.33
"1663",1663,8,77.15,3,28.93,298.97,5111.39
"1664",1664,2,18.82,0,0,517.6,5458.31
"1665",1665,12,40.05,14,46.73,874.44,6244.58
"1666",1666,7,50.74,5,36.25,1790.5,10344.33
"1667",1667,5,37.02,3,22.21,651.61,2302.85
"1668",1668,58.01,48.2697,54,50.61,1004.2922,5473.6
"1669",1669,16,71.19,6,26.7,489.45,5753.31
"1670",1670,8,14.29,4,7.15,778.93,3115.73
"1671",1671,1,7.44,4,29.76,282.67,4202.93
"1672",1672,23,67.88,13,38.37,1230.71,6658.21
"1673",1673,4.63468131868132,24.8813083333333,0,0,195.493528753505,1570.48
"1674",1674,0,0,0,0,186.22,1935.36
"1675",1675,18.52,62.2772,4,15.1,1302.4625,6981.84
"1676",1676,3,23.75,0,0,110.86,3436.53
"1677",1677,31,26.87,24,20.8,340.63,4352.73
"1678",1678,13.94,66.1938,3,15.15,676.0588,5594.26
"1679",1679,13,58.13,18,80.49,384.56,6255.87
"1680",1680,18,67.4186333333333,3,13.23,604.9422,4933.64
"1681",1681,39.13,66.7405,17,19.62,1074.7548,7928.05
"1682",1682,5,42.27,8,67.63,109.9,3998.65
"1683",1683,12.38,66.5461,4,28.24,561.5681,4250.51
"1684",1684,4,26,15,97.51,208.02,3737.89
"1685",1685,11,105.34,1,9.58,1522.7,5420.42
"1686",1686,699,102.92,387,56.98,1681.08,8316.74
"1687",1687,5,26.01,1,5.2,62.43,1050.88
"1688",1688,0,0,2,15.22,30.44,2184.17
"1689",1689,7,36.51,1,5.22,323.35,1324.71
"1690",1690,24,101.66,6,25.42,881.06,5900.54
"1691",1691,14,14.81,6,6.35,579.84,3115.05
"1692",1692,38,102.91,12,32.5,1700.7,5291.66
"1693",1693,4,24.24,12,72.73,1339.48,5630.64
"1694",1694,7,29,0,0,165.71,2158.42
"1695",1695,3,19.29,30.91,77.405,527.37,5814.1817
"1696",1696,2,6.01,13,39.07,261.47,3849.97
"1697",1697,6,18,3,9,300,7305.07
"1698",1698,6,56.32,1,9.39,234.68,4881.25
"1699",1699,14,72.81,0,0,462.84,3479.12
"1700",1700,2,18.58,0,0,706.19,6179.65034363617
"1701",1701,25,92.51,6,22.2,1202.68,4888.43
"1702",1702,8,69.24,5,43.28,519.3,4102.48
"1703",1703,5,16.06,10,32.11,253.7,2957.71
"1704",1704,2,5.55,2,5.55,41.65,699.77
"1705",1705,43.4,103.9364,23,173.47,2216.57,12994.95
"1706",1706,6,43.37,41.96,113.975,686.71,6191.71860000001
"1707",1707,34.13,58.9471,30,89.39,750.9323,5730.04
"1708",1708,22,33.44,8,12.16,541.12,4865.48
"1709",1709,20,31.37,79,123.9,611.64,4781.77
"1710",1710,10,43.78,8,35.02,595.42,6348.23
"1711",1711,11,29.78,16,43.31,343.81,5698.58
"1712",1712,17,61.94,3,10.93,648.57,4693.02
"1713",1713,37,104.21,13,36.62,543.6,3993.92
"1714",1714,5,8.46,14,23.68,470.21,2417
"1715",1715,6,49.62,0,0,272.91,5061.2
"1716",1716,100,44.02,59,25.97,2017.65,6265.54
"1717",1717,0,0,15.44,63.7082178571428,399.17,5782.03055217391
"1718",1718,19,83.26,4,17.53,604.73,2502.19
"1719",1719,10,42.04,7,29.43,870.26,7470.78
"1720",1720,30,95.33,5,15.89,1404.47,7778.59
"1721",1721,11,21.66,22,43.33,145.74,5494.94
"1722",1722,18,20.76,42,48.44,811.92,6709.88
"1723",1723,120,80.01,149.72,83.4764999999999,1765.4989,9289.4453
"1724",1724,62,84.62,20,27.3,631.89,6142.86
"1725",1725,73,137.56,7,13.19,1164.57,5575.97
"1726",1726,1,8.06,3,24.18,56.43,1644.5
"1727",1727,8,51.82,6,38.87,129.56,2617.09
"1728",1728,2,13.55,4,27.11,291.41,1328.27
"1729",1729,4,26.53,0,0,199,1247.1
"1730",1730,46.17,99.1742,15,74.39,1635.4634,9427.69
"1731",1731,19.53,47.71,10,18.37,453.6754,3443.14
"1732",1732,3,19.94,0,0,471.89,3728.57
"1733",1733,76,45.97,63,38.11,1421.42,14206.91
"1734",1734,6,54.18,1,9.03,460.5,3033.86
"1735",1735,1,7.94,0,0,39.71,905.48
"1736",1736,5,24.57,13.63,51.9497,761.6,5846.0581
"1737",1737,16,79.8,1,4.99,369.08,3451.37
"1738",1738,2,15.41,6,46.24,208.06,2743.32
"1739",1739,2,15.47,5,38.66,278.38,2938.45
"1740",1740,11,39.04,8,28.4,330.1,5061.58
"1741",1741,15,48.29,13,41.85,367.02,9848.36
"1742",1742,1,4.44,1,4.44,248.69,1390
"1743",1743,32,19.96,19,11.85,303.7,4036.62
"1744",1744,13,30.27,11,25.61,221.18,3888.15
"1745",1745,13.4,40.1831,7,18.08,361.30685,4080.37
"1746",1746,3,27.2,2,18.13,1759,10952.94
"1747",1747,40,134.82,21,70.78,903.3,7624.12
"1748",1748,8.82,31.01355,3,5.59,297.679006666667,3048.42
"1749",1749,19,98.34,23,119.05,2008.28,5983.44
"1750",1750,5,12.79,15,38.38,570.65,5849.84
"1751",1751,2,7.18,2,7.18,82.59,2574.6
"1752",1752,1,4.37,0,0,179.06,2166.22
"1753",1753,16,45.73,7,20.01,1440.54,9049.08
"1754",1754,6,27.36,70,319.18,1199.22,7633.03
"1755",1755,13,22.8,16,28.06,270.09,2023.89
"1756",1756,33,75.24,25,57,449.15,6313.13
"1757",1757,1,4.61,0,0,115.14,2118.64
"1758",1758,25,47.3,10,18.92,1275.11,9192.55
"1759",1759,4,33.47,3,25.1,1204.92,6827.88
"1760",1760,29,95.7,2,6.6,290.39,6771.38
"1761",1761,18,35.26,9,17.63,284.04,5870.71
"1762",1762,7,28.59,0,0,514.54,3540.51
"1763",1763,0,0,1,4.35,69.59,1317.85
"1764",1764,36,66.91,10,18.59,513,5817.74
"1765",1765,29,99.5,26.68,82.5966,816.58,7610.2591
"1766",1766,2,8.54,3,12.81,469.8,4317.93
"1767",1767,19,69.44,10,36.55,694.37,4129.66
"1768",1768,5,34.65,2,13.86,277.22,4809.76
"1769",1769,14,72.84,13,67.63,239.32,6461.68
"1770",1770,80,45.14,284,160.23,813.57,6641.13
"1771",1771,11,70.29,0,0,632.63,4013.04
"1772",1772,2,17.9,1,8.95,178.97,3319.91
"1773",1773,56,92.81,60,99.44,1756.74,9363.76
"1774",1774,25.1,67.5212,8,22.84,963.9581,7307.04
"1775",1775,4,13.33,2,6.67,173.3,1753.04
"1776",1776,5.97114285714286,29.3027628519182,0,0,225.902661488838,2173.78
"1777",1777,0,0,0,0,313.48,5919.23
"1778",1778,20,23.97,27,32.36,433.92,3846.57
"1779",1779,16,34.21,17.64,44.3128,91.93,3787.7782
"1780",1780,7,61.15,7,61.15,602.73,14142.21
"1781",1781,1,4.98,1,4.98,44.79,2662.35
"1782",1782,2,7.39,10.9,49.3969,491.54,5620.0455
"1783",1783,33,28.94,31,27.19,659.56,6668.42
"1784",1784,7,66.54,0,0,1292.78,7813.69
"1785",1785,8,40.05,1,5.01,150.18,2432.92
"1786",1786,8,25.22,5,15.76,349.87,2937.65
"1787",1787,3,10.89,15,54.46,279.55,2508.71
"1788",1788,30,241.06,11,88.39,739.25,8155.89
"1789",1789,7,47.46,0,0,284.75,8922.03
"1790",1790,42,33.1,21,16.55,822.7,8282.9
"1791",1791,226,63.7,335,94.42,1262.47,6896.95
"1792",1792,3,11.68,2,7.79,210.28,2675.23
"1793",1793,5,22.75,0,0,464.08,5286.86
"1794",1794,3,21.27,0,0,42.54,843.73
"1795",1795,8,10.75,5,6.72,205.68,3085.26
"1796",1796,14,28.86,1,2.06,896.83,3195.61
"1797",1797,68,67.05,27,26.62,383.57,4344.48
"1798",1798,8,42.98,1,5.37,75.22,3771.56
"1799",1799,10,19.13,10,19.13,1262.31,3798.41
"1800",1800,5,28.98,12,69.55,144.9,5633.8
"1801",1801,2,18.16,1,9.08,1425.33,9568.77
"1802",1802,27,91.2,2,6.76,1607.89,13200.92
"1803",1803,6,31.78,0,0,121.81,6164.6
"1804",1804,4,17.59,7,30.78,567.16,5355.02
"1805",1805,62,401.35,44,284.83,627.91,6194.98
"1806",1806,2,7.7,0,0,69.34,1032.44
"1807",1807,19,93.42,11,54.09,2586.29,5575.77
"1808",1808,1,8.41,0,0,235.59,3474.97
"1809",1809,45.76,65.1962,27,35.04,701.0384,6241.16
"1810",1810,5,20.95,7,29.32,180.13,2836.08
"1811",1811,54,70.24,29,37.72,2682.28,11058.21
"1812",1812,0,0,0,0,16.92,516.16
"1813",1813,1,5.88,0,0,94.15,1253.38
"1814",1814,9,56.93,9,56.93,929.91,4067.56
"1815",1815,5,22.79,2,9.11,350.93,5660.38
"1816",1816,116,151.12,60,78.17,530.22,7817.87
"1817",1817,17,28.13,29,47.99,316.1,5085.73
"1818",1818,9,77.47,0,0,421.76,4484.42
"1819",1819,3,17.24,14.22,60.6377,137.94,3969.5364
"1820",1820,1,8.03,3,24.1,216.87,3935.74
"1821",1821,0,0,0,0,54.25,2242.31
"1822",1822,89,52.93,69,41.04,671.46,7617.37
"1823",1823,18,24.68,7,9.6,309.84,3644.04
"1824",1824,15,36.19,18,43.43,1095.4,6878.83
"1825",1825,5,11.07,8.57,25.6618333333333,106.23,2723.5182
"1826",1826,0,0,5.28111764705882,20.7497054317379,123.33,2685.28713369218
"1827",1827,10.3733333333333,44.3969,2,7.51,383.8777,4012.32
"1828",1828,0,0,0,0,23.52,2014.66
"1829",1829,33,22.19,65,43.71,616.67,5849.28
"1830",1830,0,0,5,14.31,88.7,2500.79
"1831",1831,7,30.29,4,17.31,1129.23,4274.65
"1832",1832,2,6.85,1,3.43,58.23,1791.46
"1833",1833,20,74.91,9,33.71,1292.18,5775.5
"1834",1834,25,105.16,21,88.33,1013.71,9245.39
"1835",1835,9,29.15,1,3.24,103.65,2753.13
"1836",1836,157,70.17,132,58.99,1564.23,9600.36
"1837",1837,2,15.23,3,22.84,91.37,3114.06
"1838",1838,16.35,62.5349,6,25.69,775.9686,6252.41
"1839",1839,3,23.56,0,0,125.67,2599.75
"1840",1840,11.79,64.952,3,29.26,597.0163,4827.86
"1841",1841,6,33.46,0,0,786.35,6424.63
"1842",1842,14,44.51,15,47.69,438.76,5118.91
"1843",1843,14,50.32,1,3.59,747.58,6954.68
"1844",1844,2,10.61,10.3,45.0126,556.88,5321.8719
"1845",1845,6,30.84,0,0,128.51,4467.18
"1846",1846,3,14.23,0,0,284.54,4599.99
"1847",1847,24.62,52.171,25.76,50.5009,776.9822,7030.3632
"1848",1848,25,91.39,38,138.92,1089.42,10956.35
"1849",1849,26,22.23,33,28.22,624.28,6481.43
"1850",1850,2,16.32,1,8.16,620.31,10218.74
"1851",1851,5,32.85,6,39.41,696.31,3461.87
"1852",1852,1,7.34,0,0,161.4,4152.3
"1853",1853,7,46.03,0,0,618.06,5799.2
"1854",1854,3,11.97,12,47.89,243.44,3412.22
"1855",1855,9,20.38,8,18.12,140.42,1929.7
"1856",1856,13,70.22,12,64.82,1199.16,8097.01
"1857",1857,70,24.69,74,26.1,763.8867,5913.55
"1858",1858,2,4.87,4,9.74,233.77,3284.96
"1859",1859,4,15.65,1,3.91,66.52,2246.14
"1860",1860,20,38.12,26,49.55,1964.89,5359.15
"1861",1861,1,4.83,0,0,521.89,3682.23
"1862",1862,2,13.22,8,52.87,455.99,5075.34
"1863",1863,20.88,48.9789,8,17.04,409.7454,3814.37
"1864",1864,2,9.84,1,4.92,142.71,3110.08
"1865",1865,15,73.38,1,4.89,816.99,2739.59
"1866",1866,1,4.05,3,12.14,24.29,2724.37
"1867",1867,2,11.69,1,5.85,105.23,5092.08
"1868",1868,26,124.57,3,14.37,210.81,5442.7
"1869",1869,17.88,49.8378,19,76.83,638.7708,3881.77
"1870",1870,0,0,5,48.87,87.96,2238.08
"1871",1871,10,22.04,16,35.26,315.14,2781.21
"1872",1872,14,37.13,3,7.96,230.76,5660.33
"1873",1873,31,24,73,56.52,493.93,5650.82
"1874",1874,204,53.87,267,70.5,3829.21,14679.18
"1875",1875,2,7.16,2,7.16,89.44,1595.59
"1876",1876,4,26.79,0,0,428.64,2913.4
"1877",1877,12,60.69,1,5.06,900.31,8203.94
"1878",1878,5,25.98,3,15.59,592.36,5244.7177
"1879",1879,11,63.79,0,0,133.38,4662.49
"1880",1880,6,50.6,3,25.3,1054.23,4301.26
"1881",1881,1,5.82,0,0,232.83,2741.56
"1882",1882,4,32.78,0,0,450.75,4179.64
"1883",1883,259,61.71,231,55.04,1595.37,7757.66
"1884",1884,1,3.51,3,10.52,343.74,6674.85
"1885",1885,2,7.57,0,0,15.14,969
"1886",1886,8,51.52,4,25.76,399.28,7702.22
"1887",1887,21,37.73,27,48.51,551.55,4895.71
"1888",1888,17,70.81,195.99,149.0258,2728.14,9624.8031
"1889",1889,5,11.73,3,7.04,220.58,4878.56
"1890",1890,2,9.15,0,0,64.07,3198.79
"1891",1891,11,22.09,10,20.08,148.57,2640.19
"1892",1892,4,9.08,8,18.16,324.61,1602.62
"1893",1893,2,16.96,3,25.43,1305.64,8707.08
"1894",1894,27,198.34,2,14.69,286.49,4121.06
"1895",1895,43,81.59,40,75.9,865.28,7464.9
"1896",1896,28,62.19,16,35.54,1576.9,6603
"1897",1897,12,65.41,2,10.9,981.19,4175.52
"1898",1898,2,12.18,0,0,541.89,2179.74
"1899",1899,11,48.26,6,26.33,710.78,6471.57
"1900",1900,7,20.65,11,32.44,542.71,2498.23
"1901",1901,1,7.66,1,7.66,214.53,1126.26
"1902",1902,56.27,116.4468,11,66.37,1591.9134,11179.49
"1903",1903,2,17.09,9,76.9,76.9,1649.15
"1904",1904,9,75.37,3,25.12,108.87,2068.5
"1905",1905,3,21.85,3,21.85,276.81,27119.76
"1906",1906,0,0,1,7.44,141.44,2590.64
"1907",1907,1,9.48,1,9.48,237.1,1602.81
"1908",1908,10,21.66,2,4.33,223.06,3101.18
"1909",1909,12,30.18,21,52.81,809.72,5856.61
"1910",1910,2,14.87,2,14.87,208.13,2921.28
"1911",1911,21,17.47,49,40.77,249.62,3942.26
"1912",1912,53,98.08,25,46.26,1622.96,10389.18
"1913",1913,1,5.35,6,32.1,80.24,2086.23
"1914",1914,29,18.38,23,14.58,251.6,5041.57
"1915",1915,0,0,2,15.03,112.75,2322.61
"1916",1916,83,84.72,26,26.54,457.27,5078.95
"1917",1917,6,23.44,11,42.98,269.6,4821.63
"1918",1918,4,27.11,0,0,81.34,3280.91
"1919",1919,0,0,6,16.65,302.47,5236.28
"1920",1920,3,22.62,0,0,173.4,4704.46
"1921",1921,5,31.05,0,0,93.16,3421.94
"1922",1922,12,60.65,12,60.65,161.73,6135.65
"1923",1923,3,18.07,6,36.14,554.08,3860.52
"1924",1924,19,60.12,9,28.48,461.98,4768.53
"1925",1925,2,10.23,1,5.11,659.78,3145.46
"1926",1926,0,0,3,14.22,28.45,1858.44
"1927",1927,5,25.04,6,30.05,661.06,8268.23
"1928",1928,9,62.91,3,20.97,692.02,5647.98
"1929",1929,12,30.97,17,43.88,957.64,4811.44
"1930",1930,6.46,29.3622,3,12.51,265.9906,2352.65
"1931",1931,24,64.72,21,56.63,447.63,6226.4
"1932",1932,32,61.41,20,38.38,293.63,5903.35
"1933",1933,20,41.11,28,57.56,515.95,7032.15
"1934",1934,4,22.31,5,27.89,278.88,3893.13
"1935",1935,18.29,53.8373,9,28.84,455.5891,3839.37
"1936",1936,0,0,4,22.46,95.47,1173.76
"1937",1937,27,51.05,9,17.02,521.87,7345.85
"1938",1938,16,86.91,12,65.19,2210.88,12923.03
"1939",1939,82,50.74,61,37.74,1343.3,8405.06
"1940",1940,50,74.8,42.84,61.7019,661.25,6815.1061
"1941",1941,6,41.65,1,6.94,333.19,2950.16
"1942",1942,28,40.54,34,49.23,1461.01,7997.16
"1943",1943,0,0,1,6.29,339.84,4285.71
"1944",1944,12,37.21,13,40.31,1513.08,7255.36
"1945",1945,10,25.22,19,47.91,398.42,6667.17
"1946",1946,11.03,28.8236,12,21.42,457.4368,2036.85
"1947",1947,0,0,2,14.97,44.92,1849.22
"1948",1948,4,20.51,2,10.25,446.04,4101.51
"1949",1949,13,86.62,6,39.98,1059.43,8049.04
"1950",1950,2,17.92,0,0,259.79,3878.89
"1951",1951,265,87.05,109,35.8,510.78,5965.75
"1952",1952,1,8.47,2,16.94,635.43,1914.77
"1953",1953,19,32.56,1,1.71,219.36,3689.74
"1954",1954,2,15.46,0,0,69.58,1469
"1955",1955,5.83,29.08744,1,4.12,172.354372222222,1885.01
"1956",1956,1,4.65,3,13.96,255.89,2493.72
"1957",1957,3,19.74,2,13.16,243.47,3395.41
"1958",1958,7.09,37.9483,1,7.34,285.916793333333,3244.99
"1959",1959,4,26.91,1,6.73,148.02,2354.84
"1960",1960,25.04,65.0548,25,215.48,673.4887,4033.79
"1961",1961,43,72.45,44,74.13,303.26,4355.15
"1962",1962,6,16.41,11,30.08,246.09,4634.69
"1963",1963,9,29.92,14,46.54,611.64,6867.67
"1964",1964,194,69.14,214,76.26,792.93,9053.65
"1965",1965,8.00189110889111,34.7082604709658,0,0,254.188903888889,2487.48
"1966",1966,4,22.41,5,28.01,336.13,4711.48
"1967",1967,28,60.62,13,28.15,517.46,3570.27
"1968",1968,0,0,1,4.64,65.03,1467.72
"1969",1969,4,26.49,3,19.87,291.41,10404.66
"1970",1970,3,24.66,1,8.22,139.73,2885.09
"1971",1971,36.61,107.8794,11,65.31,865.3725,5141.6
"1972",1972,83,93.11,24,26.92,1573.82,10452.52
"1973",1973,12,15.81,12,15.81,502.05,8631.03
"1974",1974,14,19.14,16,21.88,604.42,2998.85
"1975",1975,58,128.21,38,84,499.59,9100.96
"1976",1976,131,53.94,338,139.18,1636.75,7621.71
"1977",1977,6,19.37,10,32.29,80.73,2676.96
"1978",1978,22,68.57,20,62.34,377.16,2802.19
"1979",1979,2,16.86,1,8.43,320.4,4460.37
"1980",1980,40.71,115.3821,10,55.38,942.7878,5703.84
"1981",1981,51,71.6,8,11.23,306.05,2754.42
"1982",1982,50,93.59,16,29.95,2493.17,7681.65
"1983",1983,9.31,52.87285,3,27.95,336.0944,3046.68
"1984",1984,3,8.16,29,78.92,568.75,5284.79
"1985",1985,92,107.62,59,69.02,2089.28,9898.93
"1986",1986,2,11.17,2,11.17,122.88,4552.31
"1987",1987,2,18.55,3,27.83,194.82,5445.77
"1988",1988,3,22.99,2,15.33,30.66,5180.87
"1989",1989,15,71.36,13,61.85,214.08,7759.28
"1990",1990,103,93.31,29,26.27,430.31,4012.32
"1991",1991,6,42.02,1,7,413.19,5448.56
"1992",1992,61,33.44,95,52.08,430.93,3922.8
"1993",1993,39,53.07,48,65.32,1271.02,8434.49
"1994",1994,7,23.19,7,23.19,483.72,4346.82
"1995",1995,1,6.03,0,0,96.55,3325.09
"1996",1996,6,34.59,1,5.76,570.7,4767.39
"1997",1997,2,12.99,2,12.99,64.94,3987.53
"1998",1998,1,8.27,1,8.27,57.88,983.96
"1999",1999,51,90.74,84,149.46,1368.23,10780.37
"2000",2000,1,9.46,0,0,122.95,1134.97
"2001",2001,13.69,52.2951,5,37.94,441.4056,2223.07
"2002",2002,24,109.32,12,54.66,264.2,4473.19
"2003",2003,6,43.73,3,21.86,233.22,2973.54
"2004",2004,4,25.15,0,0,591.05,3137.58
"2005",2005,15,76.99,8,41.06,549.22,7365.77
"2006",2006,0,0,2,16.08,64.3,1591.51
"2007",2007,11,13.72,10,12.48,496.56,5910.02
"2008",2008,17,142.21,9,75.29,2451.06,4810.11
"2009",2009,6,19.46,4,12.97,194.55,3842.41
"2010",2010,6,27.24,82.95,205.3524,1911.64,7031.4768
"2011",2011,20,61.6,6,18.48,1678.68,8987.86
"2012",2012,18,27.65,48,73.73,950.76,5320.55
"2013",2013,0,0,9.08414035087719,37.9421895238095,7.6,2454.45320263158
"2014",2014,56,53.59,127,121.53,1308.07,7757.52
"2015",2015,4,20.69,23,118.99,331.11,2612.65
"2016",2016,14,46,3,9.86,1938.43,6814.07
"2017",2017,0,0,1,8.26,627.84,10698.06
"2018",2018,87,44.15,70,35.52,860.21,5422.59
"2019",2019,0,0,0,0,43.5,1822.05
"2020",2020,10,18.32,5,9.16,487.28,5006.5
"2021",2021,30,48.52,63,101.9,1285.83,5130.36
"2022",2022,2,5.52,29,80.06,113.19,2225.17
"2023",2023,0,0,0,0,47.11,2911.52
"2024",2024,2,7.95,0,0,421.34,2857.94
"2025",2025,1,3.49,0,0,296.26,4945.8
"2026",2026,2,11.03,0,0,49.63,1637.81
"2027",2027,6,35.31,0,0,94.16,3842.98
"2028",2028,12,35.04,1,2.92,878.96,4497.01
"2029",2029,4,29.14,3,21.86,480.87,2557.38
"2030",2030,50,41.52,63,52.32,1219.94,5828.13
"2031",2031,4,28.54,1,7.14,827.68,6243.31
"2032",2032,0,0,0,0,111.83,1888.03
"2033",2033,2,13.51,2,13.51,162.1,2512.49
"2034",2034,74.48,67.9642,131,184.51,1470.6715,7746.48
"2035",2035,65,58.01,80,71.4,1448.54,6903.54
"2036",2036,3,28.29,1,9.43,622.29,5921.18
"2037",2037,60,50.09,106,88.49,1218.85,4063.11
"2038",2038,9,49.58,14,77.12,1509.31,11402.45
"2039",2039,6,30.5,8,40.67,213.5,10009.15
"2040",2040,12,50.51,5,21.05,534.6,5880.62
"2041",2041,0,0,0,0,133.14,2135.59
"2042",2042,1,8.85,1,8.85,8.85,1044.06
"2043",2043,43,32.92,65,49.77,591.12,4872.89
"2044",2044,100,122.39,35,42.84,1141.93,9484.24
"2045",2045,16,15.97,114,113.81,491.18,4319.83
"2046",2046,29,64.07,72.56,97.2663,1082.63,6617.2938
"2047",2047,9,51.49,0,0,1590.48,7488.99
"2048",2048,64,69.92,26,28.41,1981.89,16092.17
"2049",2049,26,41.84,35,56.33,996.19,8001.67
"2050",2050,1,8.69,0,0,60.84,2138.2
"2051",2051,100,50.25,220,110.55,1291.41,10191.1
"2052",2052,20.48,62.1291,13,67.26,520.6266,4045.94
"2053",2053,4,26.84,9,60.38,167.73,9111.04
"2054",2054,1,7.77,2,15.55,583.07,5690.74
"2055",2055,26,32.32,35,43.51,84.54,3252.32
"2056",2056,105,52.6,96,48.09,861.57,6852
"2057",2057,6,49.25,1,8.21,566.36,4399.57
"2058",2058,6,53.65,0,0,89.41,3111.59
"2059",2059,13,36.53,0,0,112.41,2242.52
"2060",2060,517,138.25,246,65.78,1682.47,7349.19
"2061",2061,1,9.22,2,18.43,82.95,1539.17
"2062",2062,8.43,40.4429,3,14.76,275.502025,2982.14
"2063",2063,37,24.67,64,42.67,721.98,6100.46
"2064",2064,0,0,1,5.35,416.93,3752.41
"2065",2065,0,0,1,6.98,55.84,2450.09
"2066",2066,24,47.64,27,53.6,867.49,8234.24
"2067",2067,3,11.46,13,49.68,366.83,3148.64
"2068",2068,19,121.13,2,12.75,2052.79,7331.38
"2069",2069,6,35.23,1,5.87,399.23,4221.22
"2070",2070,1,7.17,1,7.17,43.01,1791.99
"2071",2071,19,104.61,25,137.64,765.29,6915.16
"2072",2072,5,15.81,0,0,186.52,2045.4
"2073",2073,4,27.05,3,20.29,243.47,3611.52
"2074",2074,8,33.99,1,4.25,229.44,5633.92
"2075",2075,834,168.46,656,132.51,1678.54,6534.58
"2076",2076,87,84.49,56,54.38,1684.94,5183.01
"2077",2077,16.28,54.5408,8,33.81,438.7485,3034.53
"2078",2078,28,29.46,20,21.04,482.97,5454.72
"2079",2079,0,0,38,64.46,144.2,4906.1
"2080",2080,77,26.34,492,168.33,1091.39,5601.65
"2081",2081,4,12.12,17,51.49,196.89,4810.08
"2082",2082,6,31.53,4,21.02,157.66,3084.93
"2083",2083,0,0,0,0,112.63,788.39
"2084",2084,9,22.59,7,17.57,542.11,4223.97
"2085",2085,3,16.13,4,21.51,279.58,4946.5
"2086",2086,8,12.95,42,68.01,236.43,4516.38
"2087",2087,12,57.53,3,14.38,575.26,5690.32
"2088",2088,12,54.13,2,9.02,460.14,4682.64
"2089",2089,11,14.44,11,14.44,517.18,6195.61
"2090",2090,79,45.31,83,47.61,817.33,7045.06
"2091",2091,25,83.06,30,99.67,1122.96,10319.28
"2092",2092,27,92,9,30.67,1090.36,9138.61
"2093",2093,22,110.26,10,50.12,1047.46,8835.76
"2094",2094,22,53.85,18,44.06,176.25,3732.99
"2095",2095,20,20.83,27,28.11,214.51,4264.07
"2096",2096,16,41.28,47,121.27,864.36,4561.76
"2097",2097,181,41.52,200,45.88,286.27,4465.56
"2098",2098,3,6.16,1,2.05,260.89,5367.71
"2099",2099,0,0,2,12.49,480.89,4352.99
"2100",2100,444,40.9,309,28.46,1097.07,7817.4
"2101",2101,4,22.24,7,38.93,861.93,8013.12
"2102",2102,5,41.25,1,8.25,90.74,2408.84
"2103",2103,0,0,0,0,51.04,1173.9
"2104",2104,5,42.09,0,0,336.7,3661.62
"2105",2105,0,0,0,0,62.03,1036.87
"2106",2106,14,25,16,28.58,1496.64,6797.4
"2107",2107,18,84.57,3,14.1,930.28,4477.54
"2108",2108,2,12.41,3,18.62,155.14,1725.21
"2109",2109,1,8.39,4,33.57,478.35,2618.33
"2110",2110,20,55.63,9,25.03,136.28,4361.01
"2111",2111,8,49.48,7,43.29,408.19,2863.5
"2112",2112,65,103.18,31,49.21,1219.13,11175.31
"2113",2113,23,47.19,21,43.08,369.3,5030.67
"2114",2114,2,14.65,0,0,109.84,3617.46
"2115",2115,18,38.89,8,17.28,200.94,5237.34
"2116",2116,4,5.53,5,6.92,208.93,4426.27
"2117",2117,14,26.97,5,9.63,674.31,3941.82
"2118",2118,11,14.46,6,7.89,76.24,4083.91
"2119",2119,1,4.38,5,21.9,135.76,2583.75
"2120",2120,4,32.51,0,0,463.3,3096.81
"2121",2121,4,21.8,17,92.66,479.67,6230.24
"2122",2122,3,17.31,3,17.31,756.05,5430.83
"2123",2123,17,81.66,0,0,302.61,1681.16
"2124",2124,8.79,43.60795,1,8.87,284.8116,2998.85
"2125",2125,4,21.72,8,43.44,1026.28,6798.44
"2126",2126,4,35.18,0,0,219.86,2682.26
"2127",2127,25,73.08,2,5.85,742.54,5712.28
"2128",2128,5,43,2,17.2,137.59,1642.45
"2129",2129,39,76.08,32,62.42,462.3,5670.54
"2130",2130,39,76.08,20,39.02,2678.55,12667.04
"2131",2131,2,8.63,6,25.9,189.92,4640.02
"2132",2132,1,4.73,0,0,127.67,1584
"2133",2133,31,67.2,29,62.86,901.76,7318.13
"2134",2134,22,17.7,34,27.35,624.31,2540.67
"2135",2135,62,71.59,33,38.1,952.59,6066.55
"2136",2136,1,7.38,0,0,81.17,2627.11
"2137",2137,7,58.74,5,41.96,243.35,2827.89
"2138",2138,10,39.91,2,7.98,99.77,2913.24
"2139",2139,0,0,8.04414035087719,37.9595228571429,5.35,2574.22765263158
"2140",2140,7.57047899159664,42.2927126190476,0,0,251.463765,2793.99
"2141",2141,5,20.35,4,16.28,73.27,2377.37
"2142",2142,0,0,1,2.95,38.38,2323.73
"2143",2143,0,0,8.04414035087719,37.9686228571429,17.62,2600.28285263158
"2144",2144,7,23.77,20,67.91,648.56,6648.56
"2145",2145,13,24.82,27,51.55,234.82,5064.91
"2146",2146,14.73,55.2127,4,18.53,554.3654,4590.51
"2147",2147,0,0,1,7.43,156.08,1843.18
"2148",2148,2,11.76,2,11.76,488.03,4004.23
"2149",2149,22,27.34,11,13.67,272.13,5197.89
"2150",2150,11,75.17,7,47.83,444.17,7031.57
"2151",2151,7,22.81,6,19.56,404.15,3865.46
"2152",2152,29.41,74.5447,6,11.57,1140.488,6702.13
"2153",2153,0,0,1,4.46,307.5,5699.9
"2154",2154,4,19.01,5,23.76,822.2,8787.61
"2155",2155,2,8.16,2,8.16,277.57,3188.02
"2156",2156,356,67.01,320,60.23,1399.84,10458.26
"2157",2157,5,8.24,11,18.14,311.4208,3043.84
"2158",2158,8.91,36.3092,3,10.98,283.8642,2654.51
"2159",2159,61,73.39,91.6,99.7272,1538.83,7847.7215
"2160",2160,1,8.47,1,8.47,321.82,2879.4
"2161",2161,1,5,9,45.03,40.02,2496.5
"2162",2162,106,80.47,77,58.45,1248.05,5748.3
"2163",2163,16.91,42.5772,10,19.76,552.6594,1077.03
"2164",2164,4,24.8,2,12.4,130.22,1674.21
"2165",2165,0,0,2,18.07,27.11,2683.9
"2166",2166,3,10.55,4,14.07,432.61,1540.52
"2167",2167,2,16.59,0,0,190.79,4180.84
"2168",2168,9,32.24,0,0,275.83,2314.09
"2169",2169,7,59.71,6,51.18,597.12,6218.54
"2170",2170,4,21.65,2,10.83,422.22,5591.64
"2171",2171,1,4.15,2,8.29,82.93,2550.07
"2172",2172,21,73.9,0,0,700.29,7333.64
"2173",2173,3,15.2,4,20.27,709.29,5314.62
"2174",2174,7.04,30.6524,4,14.84,300.8453,3343.72
"2175",2175,8,43.72,6,32.79,426.25,2950.98
"2176",2176,2,6.54,0,0,13.07,3555.44
"2177",2177,7,19.54,9,25.12,605.74,3140.35
"2178",2178,1,9.43,0,0,113.2,2546.93
"2179",2179,23.56,72.9875,8,29.01,907.2962,6366.7
"2180",2180,4,21.43,0,0,353.53,4070.92
"2181",2181,15,129.65,1,8.64,2333.62,7839.24
"2182",2182,30,52.03,1,1.73,180.36,4498.47
"2183",2183,2,9.86,3,14.8,172.63,4655.98
"2184",2184,18,158.69,0,0,1313.59,9503.66
"2185",2185,33,60.08,35,63.72,1691.21,9213.38
"2186",2186,4,14.99,7,26.23,741.91,10532.82
"2187",2187,3,19.13,0,0,216.85,3080.55
"2188",2188,1,7.37,1,7.37,73.73,1946.47
"2189",2189,1,5.07,3,15.22,324.66,2115.36
"2190",2190,1,6.28,2,12.57,43.98,1042.91
"2191",2191,4,29.14,2,14.57,254.93,3678.35
"2192",2192,7,17.72,19,48.11,255.74,3385.32
"2193",2193,7,18.83,16,43.05,492.4,6546.48
"2194",2194,3,7.14,15,35.71,228.53,3601.69
"2195",2195,3,13,5,21.66,485.18,2330.62
"2196",2196,56,69.62,77.66,98.9906,1246.89,7373.0997
"2197",2197,2,9.8,0,0,205.84,2024.11
"2198",2198,1,8.08,5,40.4,234.34,3434.34
"2199",2199,4,14.98,5,18.72,86.12,1748.67
"2200",2200,9,10.01,0,0,640.62,1623.79
"2201",2201,15,59.71,6,23.88,409.98,5835.29
"2202",2202,4,24.37,7,42.64,255.86,5111.18
"2203",2203,8,27.53,20,68.83,1996.15,5427.45
"2204",2204,6,21.95,27,98.76,288.98,7107.32
"2205",2205,6,32.87,2,10.96,372.56,3353.06
"2206",2206,6,26.9,6,26.9,228.66,4183.11
"2207",2207,5,9.46,10,18.92,285.73,5144.94
"2208",2208,1,7.81,0,0,46.85,3817.93
"2209",2209,0,0,0,0,132.87,1992.98
"2210",2210,30,49.46,34,56.06,545.75,7356.84
"2211",2211,4,33.09,2,16.55,124.1,5824.44
"2212",2212,5,13.61,8,21.77,353.83,4654.2
"2213",2213,2,15.71,1,7.85,691.17,5340.87
"2214",2214,19,62.8,20,66.11,918.89,8838.5
